{"type": "FeatureCollection", "features": [{"type": "Feature", "id": "c36465f64db1bf09", "geometry": {"type": "Point", "coordinates": [-27.872, -55.803]}, "properties": {"id": "c36465f64db1bf09", "fecha": "02/09/2026", "hora": "20:46:00", "latitud": -55.803, "longitud": -27.872, "profundidad": 103.0, "magnitud": 6.1, "sentido": "No", "ubicacion_original": "TIFAIAS", "ubicacion_normalizada": "TIFAIAS", "provincia": null, "provincias": [], "pais": "Desconocido", "tipo_ubicacion": "desconocido", "es_argentina": false, "es_limite": false}}, {"type": "Feature", "id": "19498fb53d0a0bd6", "geometry": {"type": "Point", "coordinates": [-71.794, -32.828]}, "properties": {"id": "19498fb53d0a0bd6", "fecha": "31/05/2026", "hora": "18:34:00", "latitud": -32.828, "longitud": -71.794, "profundidad": 23.0, "magnitud": 6.0, "sentido": "Si", "ubicacion_original": "CHILE", "ubicacion_normalizada": "Chile", "provincia": null, "provincias": [], "pais": "Chile", "tipo_ubicacion": "extranjero", "es_argentina": false, "es_limite": false}}, {"type": "Feature", "id": "084cb6f0741b8836", "geometry": {"type": "Point", "coordinates": [-68.785, -22.452]}, "properties": {"id": "084cb6f0741b8836", "fecha": "25/05/2026", "hora": "18:52:00", "latitud": -22.452, "longitud": -68.785, "profundidad": 112.0, "magnitud": 6.6, "sentido": "No", "ubicacion_original": "CHILE", "ubicacion_normalizada": "Chile", "provincia": null, "provincias": [], "pais": "Chile", "tipo_ubicacion": "extranjero", "es_argentina": false, "es_limite": false}}, {"type": "Feature", "id": "12cb0e6f8da7a10c", "geometry": {"type": "Point", "coordinates": [-71.692, -28.71]}, "properties": {"id": "12cb0e6f8da7a10c", "fecha": "13/03/2026", "hora": "10:39:00", "latitud": -28.71, "longitud": -71.692, "profundidad": 27.0, "magnitud": 6.5, "sentido": "Si", "ubicacion_original": "OCEANO PACIFICO", "ubicacion_normalizada": "Océano Pacífico", "provincia": null, "provincias": [], "pais": "Océano Pacífico", "tipo_ubicacion": "oceano", "es_argentina": false, "es_limite": false}}, {"type": "Feature", "id": "a24c24f81f5f05cf", "geometry": {"type": "Point", "coordinates": [-71.655, -30.771]}, "properties": {"id": "a24c24f81f5f05cf", "fecha": "12/02/2026", "hora": "10:34:00", "latitud": -30.771, "longitud": -71.655, "profundidad": 29.0, "magnitud": 6.1, "sentido": "Si", "ubicacion_original": "CHILE", "ubicacion_normalizada": "Chile", "provincia": null, "provincias": [], "pais": "Chile", "tipo_ubicacion": "extranjero", "es_argentina": false, "es_limite": false}}, {"type": "Feature", "id": "20d821c6809a4212", "geometry": {"type": "Point", "coordinates": [-70.802, -26.63]}, "properties": {"id": "20d821c6809a4212", "fecha": "06/06/2025", "hora": "14:15:00", "latitud": -26.63, "longitud": -70.802, "profundidad": 122.0, "magnitud": 6.4, "sentido": "Si", "ubicacion_original": "CHILE", "ubicacion_normalizada": "Chile", "provincia": null, "provincias": [], "pais": "Chile", "tipo_ubicacion": "extranjero", "es_argentina": false, "es_limite": false}}, {"type": "Feature", "id": "461a89d4f443a71e", "geometry": {"type": "Point", "coordinates": [-67.424, -57.15]}, "properties": {"id": "461a89d4f443a71e", "fecha": "02/05/2025", "hora": "14:59:00", "latitud": -57.15, "longitud": -67.424, "profundidad": 9.0, "magnitud": 6.4, "sentido": "Si", "ubicacion_original": "TFAIAS", "ubicacion_normalizada": "Tierra del Fuego, Antártida e Islas del Atlántico Sur", "provincia": "Tierra del Fuego, Antártida e Islas del Atlántico Sur", "provincias": ["Tierra del Fuego, Antártida e Islas del Atlántico Sur"], "pais": "Argentina", "tipo_ubicacion": "provincia", "es_argentina": true, "es_limite": false}}, {"type": "Feature", "id": "9eeab58e23b4c175", "geometry": {"type": "Point", "coordinates": [-68.768, -56.86]}, "properties": {"id": "9eeab58e23b4c175", "fecha": "02/05/2025", "hora": "09:58:00", "latitud": -56.86, "longitud": -68.768, "profundidad": 10.0, "magnitud": 7.4, "sentido": "Si", "ubicacion_original": "TFAIAS", "ubicacion_normalizada": "Tierra del Fuego, Antártida e Islas del Atlántico Sur", "provincia": "Tierra del Fuego, Antártida e Islas del Atlántico Sur", "provincias": ["Tierra del Fuego, Antártida e Islas del Atlántico Sur"], "pais": "Argentina", "tipo_ubicacion": "provincia", "es_argentina": true, "es_limite": false}}, {"type": "Feature", "id": "63d74f9075a106bc", "geometry": {"type": "Point", "coordinates": [-69.078, -21.706]}, "properties": {"id": "63d74f9075a106bc", "fecha": "02/01/2025", "hora": "17:43:00", "latitud": -21.706, "longitud": -69.078, "profundidad": 100.0, "magnitud": 6.1, "sentido": "No", "ubicacion_original": "CHILE", "ubicacion_normalizada": "Chile", "provincia": null, "provincias": [], "pais": "Chile", "tipo_ubicacion": "extranjero", "es_argentina": false, "es_limite": false}}, {"type": "Feature", "id": "64f5f7935945a1a3", "geometry": {"type": "Point", "coordinates": [-70.991, -35.35]}, "properties": {"id": "64f5f7935945a1a3", "fecha": "13/12/2024", "hora": "20:38:00", "latitud": -35.35, "longitud": -70.991, "profundidad": 127.0, "magnitud": 6.2, "sentido": "Si", "ubicacion_original": "CHILE", "ubicacion_normalizada": "Chile", "provincia": null, "provincias": [], "pais": "Chile", "tipo_ubicacion": "extranjero", "es_argentina": false, "es_limite": false}}, {"type": "Feature", "id": "30f7519ed0a42221", "geometry": {"type": "Point", "coordinates": [-66.913, -31.941]}, "properties": {"id": "30f7519ed0a42221", "fecha": "21/09/2024", "hora": "18:24:28", "latitud": -31.941, "longitud": -66.913, "profundidad": 150.0, "magnitud": 6.0, "sentido": "Si", "ubicacion_original": "SAN LUIS", "ubicacion_normalizada": "San Luis", "provincia": "San Luis", "provincias": ["San Luis"], "pais": "Argentina", "tipo_ubicacion": "provincia", "es_argentina": true, "es_limite": false}}, {"type": "Feature", "id": "a924f346597d37e3", "geometry": {"type": "Point", "coordinates": [-68.053, -23.074]}, "properties": {"id": "a924f346597d37e3", "fecha": "18/07/2024", "hora": "22:50:47", "latitud": -23.074, "longitud": -68.053, "profundidad": 141.0, "magnitud": 6.8, "sentido": "Si", "ubicacion_original": "CHILE", "ubicacion_normalizada": "Chile", "provincia": null, "provincias": [], "pais": "Chile", "tipo_ubicacion": "extranjero", "es_argentina": false, "es_limite": false}}, {"type": "Feature", "id": "c87b0ade5af8a01d", "geometry": {"type": "Point", "coordinates": [-71.463, -28.723]}, "properties": {"id": "c87b0ade5af8a01d", "fecha": "13/02/2024", "hora": "22:31:40", "latitud": -28.723, "longitud": -71.463, "profundidad": 21.0, "magnitud": 6.0, "sentido": "Si", "ubicacion_original": "CHILE", "ubicacion_normalizada": "Chile", "provincia": null, "provincias": [], "pais": "Chile", "tipo_ubicacion": "extranjero", "es_argentina": false, "es_limite": false}}, {"type": "Feature", "id": "f2793452bef11c33", "geometry": {"type": "Point", "coordinates": [-71.568, -28.726]}, "properties": {"id": "f2793452bef11c33", "fecha": "31/10/2023", "hora": "09:33:42", "latitud": -28.726, "longitud": -71.568, "profundidad": 29.0, "magnitud": 6.8, "sentido": "Si", "ubicacion_original": "CHILE", "ubicacion_normalizada": "Chile", "provincia": null, "provincias": [], "pais": "Chile", "tipo_ubicacion": "extranjero", "es_argentina": false, "es_limite": false}}, {"type": "Feature", "id": "e82fa1a270949737", "geometry": {"type": "Point", "coordinates": [-71.826, -27.261]}, "properties": {"id": "e82fa1a270949737", "fecha": "15/09/2023", "hora": "15:07:36", "latitud": -27.261, "longitud": -71.826, "profundidad": 12.0, "magnitud": 6.0, "sentido": "No", "ubicacion_original": "OCEANO PACIFICO", "ubicacion_normalizada": "Océano Pacífico", "provincia": null, "provincias": [], "pais": "Océano Pacífico", "tipo_ubicacion": "oceano", "es_argentina": false, "es_limite": false}}, {"type": "Feature", "id": "181482feeb2194ed", "geometry": {"type": "Point", "coordinates": [-71.803, -30.24]}, "properties": {"id": "181482feeb2194ed", "fecha": "06/09/2023", "hora": "20:48:01", "latitud": -30.24, "longitud": -71.803, "profundidad": 26.0, "magnitud": 6.2, "sentido": "Si", "ubicacion_original": "CHILE", "ubicacion_normalizada": "Chile", "provincia": null, "provincias": [], "pais": "Chile", "tipo_ubicacion": "extranjero", "es_argentina": false, "es_limite": false}}, {"type": "Feature", "id": "a871bab45a0115c9", "geometry": {"type": "Point", "coordinates": [-63.266, -28.35]}, "properties": {"id": "a871bab45a0115c9", "fecha": "05/08/2023", "hora": "04:19:59", "latitud": -28.35, "longitud": -63.266, "profundidad": 635.0, "magnitud": 6.1, "sentido": "Si", "ubicacion_original": "SANTIAGO DEL ESTERO", "ubicacion_normalizada": "Santiago del Estero", "provincia": "Santiago del Estero", "provincias": ["Santiago del Estero"], "pais": "Argentina", "tipo_ubicacion": "provincia", "es_argentina": true, "es_limite": false}}, {"type": "Feature", "id": "fed2f8a15e5d76ee", "geometry": {"type": "Point", "coordinates": [-70.654, -38.193]}, "properties": {"id": "fed2f8a15e5d76ee", "fecha": "17/07/2023", "hora": "00:05:09", "latitud": -38.193, "longitud": -70.654, "profundidad": 214.0, "magnitud": 6.5, "sentido": "Si", "ubicacion_original": "NEUQUEN", "ubicacion_normalizada": "Neuquén", "provincia": "Neuquén", "provincias": ["Neuquén"], "pais": "Argentina", "tipo_ubicacion": "provincia", "es_argentina": true, "es_limite": false}}, {"type": "Feature", "id": "bcd9355364531cfc", "geometry": {"type": "Point", "coordinates": [-73.726, -35.632]}, "properties": {"id": "bcd9355364531cfc", "fecha": "30/03/2023", "hora": "14:33:04", "latitud": -35.632, "longitud": -73.726, "profundidad": 27.0, "magnitud": 6.2, "sentido": "Si", "ubicacion_original": "OCEANO PACIFICO", "ubicacion_normalizada": "Océano Pacífico", "provincia": null, "provincias": [], "pais": "Océano Pacífico", "tipo_ubicacion": "oceano", "es_argentina": false, "es_limite": false}}, {"type": "Feature", "id": "1cfc8d1132779808", "geometry": {"type": "Point", "coordinates": [-66.664, -23.457]}, "properties": {"id": "1cfc8d1132779808", "fecha": "22/03/2023", "hora": "13:00:31", "latitud": -23.457, "longitud": -66.664, "profundidad": 233.0, "magnitud": 6.4, "sentido": "Si", "ubicacion_original": "JUJUY", "ubicacion_normalizada": "Jujuy", "provincia": "Jujuy", "provincias": ["Jujuy"], "pais": "Argentina", "tipo_ubicacion": "provincia", "es_argentina": true, "es_limite": false}}, {"type": "Feature", "id": "1c2e18ec92c15e0a", "geometry": {"type": "Point", "coordinates": [-63.172, -26.902]}, "properties": {"id": "1c2e18ec92c15e0a", "fecha": "24/01/2023", "hora": "15:36:54", "latitud": -26.902, "longitud": -63.172, "profundidad": 622.0, "magnitud": 6.1, "sentido": "Si", "ubicacion_original": "SANTIAGO DEL ESTERO", "ubicacion_normalizada": "Santiago del Estero", "provincia": "Santiago del Estero", "provincias": ["Santiago del Estero"], "pais": "Argentina", "tipo_ubicacion": "provincia", "es_argentina": true, "es_limite": false}}, {"type": "Feature", "id": "8a40b5c9abe5000f", "geometry": {"type": "Point", "coordinates": [-63.207, -26.873]}, "properties": {"id": "8a40b5c9abe5000f", "fecha": "20/01/2023", "hora": "19:09:31", "latitud": -26.873, "longitud": -63.207, "profundidad": 637.0, "magnitud": 6.4, "sentido": "Si", "ubicacion_original": "SANTIAGO DEL ESTERO", "ubicacion_normalizada": "Santiago del Estero", "provincia": "Santiago del Estero", "provincias": ["Santiago del Estero"], "pais": "Argentina", "tipo_ubicacion": "provincia", "es_argentina": true, "es_limite": false}}, {"type": "Feature", "id": "64f4786dab3b7d01", "geometry": {"type": "Point", "coordinates": [-73.665, -37.639]}, "properties": {"id": "64f4786dab3b7d01", "fecha": "12/11/2022", "hora": "23:24:58", "latitud": -37.639, "longitud": -73.665, "profundidad": 14.0, "magnitud": 6.2, "sentido": "Si", "ubicacion_original": "CHILE", "ubicacion_normalizada": "Chile", "provincia": null, "provincias": [], "pais": "Chile", "tipo_ubicacion": "extranjero", "es_argentina": false, "es_limite": false}}, {"type": "Feature", "id": "eb7af673b04f4d72", "geometry": {"type": "Point", "coordinates": [-25.777, -60.784]}, "properties": {"id": "eb7af673b04f4d72", "fecha": "02/11/2022", "hora": "11:17:53", "latitud": -60.784, "longitud": -25.777, "profundidad": 25.0, "magnitud": 6.1, "sentido": "No", "ubicacion_original": "TFAIAS", "ubicacion_normalizada": "Tierra del Fuego, Antártida e Islas del Atlántico Sur", "provincia": "Tierra del Fuego, Antártida e Islas del Atlántico Sur", "provincias": ["Tierra del Fuego, Antártida e Islas del Atlántico Sur"], "pais": "Argentina", "tipo_ubicacion": "provincia", "es_argentina": true, "es_limite": false}}, {"type": "Feature", "id": "a70ec54931309b1f", "geometry": {"type": "Point", "coordinates": [-26.154, -58.692]}, "properties": {"id": "a70ec54931309b1f", "fecha": "24/10/2022", "hora": "21:13:02", "latitud": -58.692, "longitud": -26.154, "profundidad": 68.0, "magnitud": 6.0, "sentido": "No", "ubicacion_original": "TFAIAS", "ubicacion_normalizada": "Tierra del Fuego, Antártida e Islas del Atlántico Sur", "provincia": "Tierra del Fuego, Antártida e Islas del Atlántico Sur", "provincias": ["Tierra del Fuego, Antártida e Islas del Atlántico Sur"], "pais": "Argentina", "tipo_ubicacion": "provincia", "es_argentina": true, "es_limite": false}}, {"type": "Feature", "id": "9b91f45ac08a229f", "geometry": {"type": "Point", "coordinates": [-70.526, -21.951]}, "properties": {"id": "9b91f45ac08a229f", "fecha": "28/07/2022", "hora": "01:15:02", "latitud": -21.951, "longitud": -70.526, "profundidad": 60.0, "magnitud": 6.0, "sentido": "Si", "ubicacion_original": "CHILE", "ubicacion_normalizada": "Chile", "provincia": null, "provincias": [], "pais": "Chile", "tipo_ubicacion": "extranjero", "es_argentina": false, "es_limite": false}}, {"type": "Feature", "id": "c1c3ff4b39efb153", "geometry": {"type": "Point", "coordinates": [-66.687, -23.519]}, "properties": {"id": "c1c3ff4b39efb153", "fecha": "10/05/2022", "hora": "20:06:27", "latitud": -23.519, "longitud": -66.687, "profundidad": 234.0, "magnitud": 6.5, "sentido": "Si", "ubicacion_original": "JUJUY", "ubicacion_normalizada": "Jujuy", "provincia": "Jujuy", "provincias": ["Jujuy"], "pais": "Argentina", "tipo_ubicacion": "provincia", "es_argentina": true, "es_limite": false}}, {"type": "Feature", "id": "c859035080a62acd", "geometry": {"type": "Point", "coordinates": [-27.787, -60.41]}, "properties": {"id": "c859035080a62acd", "fecha": "04/10/2021", "hora": "00:54:12", "latitud": -60.41, "longitud": -27.787, "profundidad": 10.0, "magnitud": 6.0, "sentido": "No", "ubicacion_original": "TFAIAS", "ubicacion_normalizada": "Tierra del Fuego, Antártida e Islas del Atlántico Sur", "provincia": "Tierra del Fuego, Antártida e Islas del Atlántico Sur", "provincias": ["Tierra del Fuego, Antártida e Islas del Atlántico Sur"], "pais": "Argentina", "tipo_ubicacion": "provincia", "es_argentina": true, "es_limite": false}}, {"type": "Feature", "id": "5ffc609df145917f", "geometry": {"type": "Point", "coordinates": [-76.043, -36.496]}, "properties": {"id": "5ffc609df145917f", "fecha": "21/09/2021", "hora": "10:14:12", "latitud": -36.496, "longitud": -76.043, "profundidad": 10.0, "magnitud": 6.1, "sentido": "Si", "ubicacion_original": "OCEANO PACIFICO", "ubicacion_normalizada": "Océano Pacífico", "provincia": null, "provincias": [], "pais": "Océano Pacífico", "tipo_ubicacion": "oceano", "es_argentina": false, "es_limite": false}}, {"type": "Feature", "id": "ccc92a37836abb22", "geometry": {"type": "Point", "coordinates": [-25.09, -60.447]}, "properties": {"id": "ccc92a37836abb22", "fecha": "22/08/2021", "hora": "18:33:21", "latitud": -60.447, "longitud": -25.09, "profundidad": 10.0, "magnitud": 7.0, "sentido": "No", "ubicacion_original": "TFAIAS", "ubicacion_normalizada": "Tierra del Fuego, Antártida e Islas del Atlántico Sur", "provincia": "Tierra del Fuego, Antártida e Islas del Atlántico Sur", "provincias": ["Tierra del Fuego, Antártida e Islas del Atlántico Sur"], "pais": "Argentina", "tipo_ubicacion": "provincia", "es_argentina": true, "es_limite": false}}, {"type": "Feature", "id": "fa0dbb47bb3db58b", "geometry": {"type": "Point", "coordinates": [-24.423, -60.083]}, "properties": {"id": "fa0dbb47bb3db58b", "fecha": "21/08/2021", "hora": "21:45:09", "latitud": -60.083, "longitud": -24.423, "profundidad": 10.0, "magnitud": 6.6, "sentido": "No", "ubicacion_original": "TFAIAS", "ubicacion_normalizada": "Tierra del Fuego, Antártida e Islas del Atlántico Sur", "provincia": "Tierra del Fuego, Antártida e Islas del Atlántico Sur", "provincias": ["Tierra del Fuego, Antártida e Islas del Atlántico Sur"], "pais": "Argentina", "tipo_ubicacion": "provincia", "es_argentina": true, "es_limite": false}}, {"type": "Feature", "id": "bafa5c79cddc9684", "geometry": {"type": "Point", "coordinates": [-22.914, -58.233]}, "properties": {"id": "bafa5c79cddc9684", "fecha": "16/08/2021", "hora": "08:10:34", "latitud": -58.233, "longitud": -22.914, "profundidad": 10.0, "magnitud": 6.6, "sentido": "No", "ubicacion_original": "TFAIAS", "ubicacion_normalizada": "Tierra del Fuego, Antártida e Islas del Atlántico Sur", "provincia": "Tierra del Fuego, Antártida e Islas del Atlántico Sur", "provincias": ["Tierra del Fuego, Antártida e Islas del Atlántico Sur"], "pais": "Argentina", "tipo_ubicacion": "provincia", "es_argentina": true, "es_limite": false}}, {"type": "Feature", "id": "2be08db05b6f0fb1", "geometry": {"type": "Point", "coordinates": [-27.17, -60.48]}, "properties": {"id": "2be08db05b6f0fb1", "fecha": "13/08/2021", "hora": "04:34:29", "latitud": -60.48, "longitud": -27.17, "profundidad": 12.0, "magnitud": 6.1, "sentido": "No", "ubicacion_original": "TFAIAS", "ubicacion_normalizada": "Tierra del Fuego, Antártida e Islas del Atlántico Sur", "provincia": "Tierra del Fuego, Antártida e Islas del Atlántico Sur", "provincias": ["Tierra del Fuego, Antártida e Islas del Atlántico Sur"], "pais": "Argentina", "tipo_ubicacion": "provincia", "es_argentina": true, "es_limite": false}}, {"type": "Feature", "id": "f7fdc6113311ed79", "geometry": {"type": "Point", "coordinates": [-25.271, -58.432]}, "properties": {"id": "f7fdc6113311ed79", "fecha": "12/08/2021", "hora": "15:35:20", "latitud": -58.432, "longitud": -25.271, "profundidad": 50.0, "magnitud": 8.1, "sentido": "No", "ubicacion_original": "REGION NOT FOUND.", "ubicacion_normalizada": "REGION NOT FOUND.", "provincia": null, "provincias": [], "pais": "Desconocido", "tipo_ubicacion": "desconocido", "es_argentina": false, "es_limite": false}}, {"type": "Feature", "id": "9da3990515c8a26c", "geometry": {"type": "Point", "coordinates": [-25.256, -57.613]}, "properties": {"id": "9da3990515c8a26c", "fecha": "12/08/2021", "hora": "15:33:03", "latitud": -57.613, "longitud": -25.256, "profundidad": 65.0, "magnitud": 7.5, "sentido": "No", "ubicacion_original": "TFAIAS", "ubicacion_normalizada": "Tierra del Fuego, Antártida e Islas del Atlántico Sur", "provincia": "Tierra del Fuego, Antártida e Islas del Atlántico Sur", "provincias": ["Tierra del Fuego, Antártida e Islas del Atlántico Sur"], "pais": "Argentina", "tipo_ubicacion": "provincia", "es_argentina": true, "es_limite": false}}, {"type": "Feature", "id": "dcb0a36fdf45901b", "geometry": {"type": "Point", "coordinates": [-55.311, -61.79]}, "properties": {"id": "dcb0a36fdf45901b", "fecha": "23/01/2021", "hora": "20:36:49", "latitud": -61.79, "longitud": -55.311, "profundidad": 12.0, "magnitud": 7.0, "sentido": "No", "ubicacion_original": "TFAIAS", "ubicacion_normalizada": "Tierra del Fuego, Antártida e Islas del Atlántico Sur", "provincia": "Tierra del Fuego, Antártida e Islas del Atlántico Sur", "provincias": ["Tierra del Fuego, Antártida e Islas del Atlántico Sur"], "pais": "Argentina", "tipo_ubicacion": "provincia", "es_argentina": true, "es_limite": false}}, {"type": "Feature", "id": "040779ca3a967f75", "geometry": {"type": "Point", "coordinates": [-68.963, -31.854]}, "properties": {"id": "040779ca3a967f75", "fecha": "18/01/2021", "hora": "23:46:20", "latitud": -31.854, "longitud": -68.963, "profundidad": 8.0, "magnitud": 6.4, "sentido": "Si", "ubicacion_original": "SAN JUAN", "ubicacion_normalizada": "San Juan", "provincia": "San Juan", "provincias": ["San Juan"], "pais": "Argentina", "tipo_ubicacion": "provincia", "es_argentina": true, "es_limite": false}}, {"type": "Feature", "id": "4d1d247b6e096b32", "geometry": {"type": "Point", "coordinates": [-66.871, -24.019]}, "properties": {"id": "4d1d247b6e096b32", "fecha": "10/01/2021", "hora": "00:54:12", "latitud": -24.019, "longitud": -66.871, "profundidad": 202.0, "magnitud": 6.0, "sentido": "Si", "ubicacion_original": "SALTA", "ubicacion_normalizada": "Salta", "provincia": "Salta", "provincias": ["Salta"], "pais": "Argentina", "tipo_ubicacion": "provincia", "es_argentina": true, "es_limite": false}}, {"type": "Feature", "id": "fb0720c06144cf95", "geometry": {"type": "Point", "coordinates": [-69.13, -20.35]}, "properties": {"id": "fb0720c06144cf95", "fecha": "06/12/2020", "hora": "13:47:41", "latitud": -20.35, "longitud": -69.13, "profundidad": 120.0, "magnitud": 6.2, "sentido": "No", "ubicacion_original": "CHILE", "ubicacion_normalizada": "Chile", "provincia": null, "provincias": [], "pais": "Chile", "tipo_ubicacion": "extranjero", "es_argentina": false, "es_limite": false}}, {"type": "Feature", "id": "cfc093ce43613a4c", "geometry": {"type": "Point", "coordinates": [-67.229, -24.318]}, "properties": {"id": "cfc093ce43613a4c", "fecha": "30/11/2020", "hora": "19:54:59", "latitud": -24.318, "longitud": -67.229, "profundidad": 188.0, "magnitud": 6.1, "sentido": "Si", "ubicacion_original": "SALTA", "ubicacion_normalizada": "Salta", "provincia": "Salta", "provincias": ["Salta"], "pais": "Argentina", "tipo_ubicacion": "provincia", "es_argentina": true, "es_limite": false}}, {"type": "Feature", "id": "a45341a5f85c42f9", "geometry": {"type": "Point", "coordinates": [-73.171, -34.587]}, "properties": {"id": "a45341a5f85c42f9", "fecha": "21/11/2020", "hora": "21:54:55", "latitud": -34.587, "longitud": -73.171, "profundidad": 39.0, "magnitud": 6.1, "sentido": "Si", "ubicacion_original": "OCEANO PACIFICO", "ubicacion_normalizada": "Océano Pacífico", "provincia": null, "provincias": [], "pais": "Océano Pacífico", "tipo_ubicacion": "oceano", "es_argentina": false, "es_limite": false}}, {"type": "Feature", "id": "7bc690adf0b74615", "geometry": {"type": "Point", "coordinates": [-69.893, -21.358]}, "properties": {"id": "7bc690adf0b74615", "fecha": "11/09/2020", "hora": "04:35:56", "latitud": -21.358, "longitud": -69.893, "profundidad": 58.0, "magnitud": 6.3, "sentido": "No", "ubicacion_original": "CHILE", "ubicacion_normalizada": "Chile", "provincia": null, "provincias": [], "pais": "Chile", "tipo_ubicacion": "extranjero", "es_argentina": false, "es_limite": false}}, {"type": "Feature", "id": "1b4a494e78873121", "geometry": {"type": "Point", "coordinates": [-71.994, -30.262]}, "properties": {"id": "1b4a494e78873121", "fecha": "05/09/2020", "hora": "22:16:52", "latitud": -30.262, "longitud": -71.994, "profundidad": 14.0, "magnitud": 6.2, "sentido": "Si", "ubicacion_original": "OCEANO PACIFICO", "ubicacion_normalizada": "Océano Pacífico", "provincia": null, "provincias": [], "pais": "Océano Pacífico", "tipo_ubicacion": "oceano", "es_argentina": false, "es_limite": false}}, {"type": "Feature", "id": "88442a92a885984c", "geometry": {"type": "Point", "coordinates": [-71.627, -27.864]}, "properties": {"id": "88442a92a885984c", "fecha": "01/09/2020", "hora": "18:09:14", "latitud": -27.864, "longitud": -71.627, "profundidad": 19.0, "magnitud": 6.5, "sentido": "Si", "ubicacion_original": "OCEANO PACIFICO", "ubicacion_normalizada": "Océano Pacífico", "provincia": null, "provincias": [], "pais": "Océano Pacífico", "tipo_ubicacion": "oceano", "es_argentina": false, "es_limite": false}}, {"type": "Feature", "id": "ec1776d79b97edf8", "geometry": {"type": "Point", "coordinates": [-71.43, -27.971]}, "properties": {"id": "ec1776d79b97edf8", "fecha": "01/09/2020", "hora": "01:29:59", "latitud": -27.971, "longitud": -71.43, "profundidad": 35.0, "magnitud": 6.2, "sentido": "Si", "ubicacion_original": "OCEANO PACIFICO", "ubicacion_normalizada": "Océano Pacífico", "provincia": null, "provincias": [], "pais": "Océano Pacífico", "tipo_ubicacion": "oceano", "es_argentina": false, "es_limite": false}}, {"type": "Feature", "id": "0d9fb9e0e0107b1e", "geometry": {"type": "Point", "coordinates": [-71.424, -27.936]}, "properties": {"id": "0d9fb9e0e0107b1e", "fecha": "01/09/2020", "hora": "01:09:28", "latitud": -27.936, "longitud": -71.424, "profundidad": 39.0, "magnitud": 6.7, "sentido": "Si", "ubicacion_original": "OCEANO PACIFICO", "ubicacion_normalizada": "Océano Pacífico", "provincia": null, "provincias": [], "pais": "Océano Pacífico", "tipo_ubicacion": "oceano", "es_argentina": false, "es_limite": false}}, {"type": "Feature", "id": "eda840d4ca2557df", "geometry": {"type": "Point", "coordinates": [-68.45, -23.296]}, "properties": {"id": "eda840d4ca2557df", "fecha": "03/06/2020", "hora": "04:35:33", "latitud": -23.296, "longitud": -68.45, "profundidad": 130.0, "magnitud": 6.7, "sentido": "Si", "ubicacion_original": "CHILE", "ubicacion_normalizada": "Chile", "provincia": null, "provincias": [], "pais": "Chile", "tipo_ubicacion": "extranjero", "es_argentina": false, "es_limite": false}}, {"type": "Feature", "id": "01a9265dc2c2617f", "geometry": {"type": "Point", "coordinates": [-63.247, -27.07]}, "properties": {"id": "01a9265dc2c2617f", "fecha": "24/12/2019", "hora": "13:43:26", "latitud": -27.07, "longitud": -63.247, "profundidad": 590.0, "magnitud": 6.1, "sentido": "Si", "ubicacion_original": "SANTIAGO DEL ESTERO", "ubicacion_normalizada": "Santiago del Estero", "provincia": "Santiago del Estero", "provincias": ["Santiago del Estero"], "pais": "Argentina", "tipo_ubicacion": "provincia", "es_argentina": true, "es_limite": false}}, {"type": "Feature", "id": "39f8af5e939269a1", "geometry": {"type": "Point", "coordinates": [-66.913, -33.776]}, "properties": {"id": "39f8af5e939269a1", "fecha": "19/11/2019", "hora": "20:10:39", "latitud": -33.776, "longitud": -66.913, "profundidad": 14.0, "magnitud": 6.0, "sentido": "Si", "ubicacion_original": "MENDOZA", "ubicacion_normalizada": "Mendoza", "provincia": "Mendoza", "provincias": ["Mendoza"], "pais": "Argentina", "tipo_ubicacion": "provincia", "es_argentina": true, "es_limite": false}}, {"type": "Feature", "id": "6213122616d7d5f7", "geometry": {"type": "Point", "coordinates": [-71.375, -31.76]}, "properties": {"id": "6213122616d7d5f7", "fecha": "04/11/2019", "hora": "18:53:24", "latitud": -31.76, "longitud": -71.375, "profundidad": 57.0, "magnitud": 6.1, "sentido": "Si", "ubicacion_original": "CHILE", "ubicacion_normalizada": "Chile", "provincia": null, "provincias": [], "pais": "Chile", "tipo_ubicacion": "extranjero", "es_argentina": false, "es_limite": false}}, {"type": "Feature", "id": "b620eaa554778122", "geometry": {"type": "Point", "coordinates": [-73.265, -35.433]}, "properties": {"id": "b620eaa554778122", "fecha": "29/09/2019", "hora": "12:57:51", "latitud": -35.433, "longitud": -73.265, "profundidad": 22.0, "magnitud": 6.8, "sentido": "Si", "ubicacion_original": "OCEANO PACIFICO", "ubicacion_normalizada": "Océano Pacífico", "provincia": null, "provincias": [], "pais": "Océano Pacífico", "tipo_ubicacion": "oceano", "es_argentina": false, "es_limite": false}}, {"type": "Feature", "id": "649edfbdc1bd9ea8", "geometry": {"type": "Point", "coordinates": [-72.5, -34.246]}, "properties": {"id": "649edfbdc1bd9ea8", "fecha": "01/08/2019", "hora": "15:27:59", "latitud": -34.246, "longitud": -72.5, "profundidad": 10.0, "magnitud": 6.8, "sentido": "Si", "ubicacion_original": "OCEANO PACIFICO", "ubicacion_normalizada": "Océano Pacífico", "provincia": null, "provincias": [], "pais": "Océano Pacífico", "tipo_ubicacion": "oceano", "es_argentina": false, "es_limite": false}}, {"type": "Feature", "id": "75d82bdd50b2b837", "geometry": {"type": "Point", "coordinates": [-72.336, -30.085]}, "properties": {"id": "75d82bdd50b2b837", "fecha": "13/06/2019", "hora": "21:19:10", "latitud": -30.085, "longitud": -72.336, "profundidad": 10.0, "magnitud": 6.2, "sentido": "Si", "ubicacion_original": "OCEANO PACIFICO", "ubicacion_normalizada": "Océano Pacífico", "provincia": null, "provincias": [], "pais": "Océano Pacífico", "tipo_ubicacion": "oceano", "es_argentina": false, "es_limite": false}}, {"type": "Feature", "id": "ee437eaabac6597b", "geometry": {"type": "Point", "coordinates": [-25.293, -58.512]}, "properties": {"id": "ee437eaabac6597b", "fecha": "09/04/2019", "hora": "14:54:03", "latitud": -58.512, "longitud": -25.293, "profundidad": 30.0, "magnitud": 6.4, "sentido": "No", "ubicacion_original": "ISLAS SANDWICH", "ubicacion_normalizada": "Islas del Atlántico Sur", "provincia": "Tierra del Fuego, Antártida e Islas del Atlántico Sur", "provincias": ["Tierra del Fuego, Antártida e Islas del Atlántico Sur"], "pais": "Argentina", "tipo_ubicacion": "provincia", "es_argentina": true, "es_limite": false}}, {"type": "Feature", "id": "99403b2be6338c19", "geometry": {"type": "Point", "coordinates": [-27.958, -55.804]}, "properties": {"id": "99403b2be6338c19", "fecha": "05/04/2019", "hora": "13:14:16", "latitud": -55.804, "longitud": -27.958, "profundidad": 61.0, "magnitud": 6.4, "sentido": "No", "ubicacion_original": "ISLAS SANDWICH", "ubicacion_normalizada": "Islas del Atlántico Sur", "provincia": "Tierra del Fuego, Antártida e Islas del Atlántico Sur", "provincias": ["Tierra del Fuego, Antártida e Islas del Atlántico Sur"], "pais": "Argentina", "tipo_ubicacion": "provincia", "es_argentina": true, "es_limite": false}}, {"type": "Feature", "id": "feda543a0021f885", "geometry": {"type": "Point", "coordinates": [-66.104, -17.95]}, "properties": {"id": "feda543a0021f885", "fecha": "15/03/2019", "hora": "02:03:48", "latitud": -17.95, "longitud": -66.104, "profundidad": 419.0, "magnitud": 6.4, "sentido": "No", "ubicacion_original": "BOLIVIA", "ubicacion_normalizada": "Bolivia", "provincia": null, "provincias": [], "pais": "Bolivia", "tipo_ubicacion": "extranjero", "es_argentina": false, "es_limite": false}}, {"type": "Feature", "id": "f69ff9337367a750", "geometry": {"type": "Point", "coordinates": [-68.439, -31.076]}, "properties": {"id": "f69ff9337367a750", "fecha": "29/01/2019", "hora": "03:02:39", "latitud": -31.076, "longitud": -68.439, "profundidad": 10.0, "magnitud": 8.0, "sentido": "No", "ubicacion_original": NaN, "ubicacion_normalizada": "Desconocido", "provincia": null, "provincias": [], "pais": "Desconocido", "tipo_ubicacion": "desconocido", "es_argentina": false, "es_limite": false}}, {"type": "Feature", "id": "6b448e8f12084e76", "geometry": {"type": "Point", "coordinates": [-71.591, -30.05]}, "properties": {"id": "6b448e8f12084e76", "fecha": "19/01/2019", "hora": "22:32:47", "latitud": -30.05, "longitud": -71.591, "profundidad": 32.0, "magnitud": 6.7, "sentido": "Si", "ubicacion_original": "CHILE", "ubicacion_normalizada": "Chile", "provincia": null, "provincias": [], "pais": "Chile", "tipo_ubicacion": "extranjero", "es_argentina": false, "es_limite": false}}, {"type": "Feature", "id": "9452edffb0875338", "geometry": {"type": "Point", "coordinates": [-26.4, -58.6]}, "properties": {"id": "9452edffb0875338", "fecha": "10/12/2018", "hora": "23:26:30", "latitud": -58.6, "longitud": -26.4, "profundidad": 144.0, "magnitud": 7.1, "sentido": "No", "ubicacion_original": "ISLAS SANDWICH DEL SUR", "ubicacion_normalizada": "Islas del Atlántico Sur", "provincia": "Tierra del Fuego, Antártida e Islas del Atlántico Sur", "provincias": ["Tierra del Fuego, Antártida e Islas del Atlántico Sur"], "pais": "Argentina", "tipo_ubicacion": "provincia", "es_argentina": true, "es_limite": false}}, {"type": "Feature", "id": "5e4e208425409759", "geometry": {"type": "Point", "coordinates": [146.74, 47.81]}, "properties": {"id": "5e4e208425409759", "fecha": "02/11/2018", "hora": "08:01:15", "latitud": 47.81, "longitud": 146.74, "profundidad": 456.0, "magnitud": 6.0, "sentido": "No", "ubicacion_original": "NORTHWEST OF KURIL ISLANDS", "ubicacion_normalizada": "Islas Kuriles", "provincia": null, "provincias": [], "pais": "Rusia / Japón", "tipo_ubicacion": "extranjero", "es_argentina": false, "es_limite": false}}, {"type": "Feature", "id": "ac4e7ac30e78ab50", "geometry": {"type": "Point", "coordinates": [-69.438, -19.618]}, "properties": {"id": "ac4e7ac30e78ab50", "fecha": "01/11/2018", "hora": "19:19:49", "latitud": -19.618, "longitud": -69.438, "profundidad": 116.0, "magnitud": 6.2, "sentido": "No", "ubicacion_original": "CHILE", "ubicacion_normalizada": "Chile", "provincia": null, "provincias": [], "pais": "Chile", "tipo_ubicacion": "extranjero", "es_argentina": false, "es_limite": false}}, {"type": "Feature", "id": "1ce3571383f39cd6", "geometry": {"type": "Point", "coordinates": [-65.78, -57.244]}, "properties": {"id": "1ce3571383f39cd6", "fecha": "29/10/2018", "hora": "03:54:18", "latitud": -57.244, "longitud": -65.78, "profundidad": 10.0, "magnitud": 6.3, "sentido": "No", "ubicacion_original": "PASAJE DE DRAKE", "ubicacion_normalizada": "Pasaje de Drake / Mar de Scotia", "provincia": null, "provincias": [], "pais": "Océano Antártico", "tipo_ubicacion": "oceano", "es_argentina": true, "es_limite": false}}, {"type": "Feature", "id": "07d07c67cee23770", "geometry": {"type": "Point", "coordinates": [-71.803, -30.98]}, "properties": {"id": "07d07c67cee23770", "fecha": "10/04/2018", "hora": "07:19:31", "latitud": -30.98, "longitud": -71.803, "profundidad": 68.0, "magnitud": 6.2, "sentido": "Si", "ubicacion_original": "CHILE", "ubicacion_normalizada": "Chile", "provincia": null, "provincias": [], "pais": "Chile", "tipo_ubicacion": "extranjero", "es_argentina": false, "es_limite": false}}, {"type": "Feature", "id": "45ebf044f6c28f25", "geometry": {"type": "Point", "coordinates": [-63.418, -20.679]}, "properties": {"id": "45ebf044f6c28f25", "fecha": "02/04/2018", "hora": "10:40:34", "latitud": -20.679, "longitud": -63.418, "profundidad": 570.0, "magnitud": 6.8, "sentido": "No", "ubicacion_original": "BOLIVIA", "ubicacion_normalizada": "Bolivia", "provincia": null, "provincias": [], "pais": "Bolivia", "tipo_ubicacion": "extranjero", "es_argentina": false, "es_limite": false}}, {"type": "Feature", "id": "663cca250e4cee60", "geometry": {"type": "Point", "coordinates": [-69.683, -18.91]}, "properties": {"id": "663cca250e4cee60", "fecha": "20/01/2018", "hora": "22:06:40", "latitud": -18.91, "longitud": -69.683, "profundidad": 133.0, "magnitud": 6.2, "sentido": "No", "ubicacion_original": "CHILE", "ubicacion_normalizada": "Chile", "provincia": null, "provincias": [], "pais": "Chile", "tipo_ubicacion": "extranjero", "es_argentina": false, "es_limite": false}}, {"type": "Feature", "id": "939d1656f37cd1b1", "geometry": {"type": "Point", "coordinates": [-69.876, -18.549]}, "properties": {"id": "939d1656f37cd1b1", "fecha": "10/10/2017", "hora": "03:32:20", "latitud": -18.549, "longitud": -69.876, "profundidad": 103.0, "magnitud": 6.2, "sentido": "No", "ubicacion_original": "CHILE", "ubicacion_normalizada": "Chile", "provincia": null, "provincias": [], "pais": "Chile", "tipo_ubicacion": "extranjero", "es_argentina": false, "es_limite": false}}, {"type": "Feature", "id": "844fe03c1e1390ce", "geometry": {"type": "Point", "coordinates": [-25.743, -56.414]}, "properties": {"id": "844fe03c1e1390ce", "fecha": "10/05/2017", "hora": "20:23:36", "latitud": -56.414, "longitud": -25.743, "profundidad": 15.0, "magnitud": 6.5, "sentido": "No", "ubicacion_original": "ISLAS GEORGIAS Y SANDWICH DEL SUR", "ubicacion_normalizada": "Islas del Atlántico Sur", "provincia": "Tierra del Fuego, Antártida e Islas del Atlántico Sur", "provincias": ["Tierra del Fuego, Antártida e Islas del Atlántico Sur"], "pais": "Argentina", "tipo_ubicacion": "provincia", "es_argentina": true, "es_limite": false}}, {"type": "Feature", "id": "19417eb611c2fe94", "geometry": {"type": "Point", "coordinates": [-71.915, -33.094]}, "properties": {"id": "19417eb611c2fe94", "fecha": "28/04/2017", "hora": "13:05:54", "latitud": -33.094, "longitud": -71.915, "profundidad": 30.0, "magnitud": 6.0, "sentido": "Si", "ubicacion_original": "CHILE", "ubicacion_normalizada": "Chile", "provincia": null, "provincias": [], "pais": "Chile", "tipo_ubicacion": "extranjero", "es_argentina": false, "es_limite": false}}, {"type": "Feature", "id": "d93e7f17a73c42d9", "geometry": {"type": "Point", "coordinates": [-72.298, -33.072]}, "properties": {"id": "d93e7f17a73c42d9", "fecha": "24/04/2017", "hora": "18:38:21", "latitud": -33.072, "longitud": -72.298, "profundidad": 14.0, "magnitud": 6.6, "sentido": "Si", "ubicacion_original": "OCEANO PACIFICO", "ubicacion_normalizada": "Océano Pacífico", "provincia": null, "provincias": [], "pais": "Océano Pacífico", "tipo_ubicacion": "oceano", "es_argentina": false, "es_limite": false}}, {"type": "Feature", "id": "4791f8451e3405c8", "geometry": {"type": "Point", "coordinates": [-67.887, -23.312]}, "properties": {"id": "4791f8451e3405c8", "fecha": "15/04/2017", "hora": "05:19:41", "latitud": -23.312, "longitud": -67.887, "profundidad": 170.0, "magnitud": 6.2, "sentido": "No", "ubicacion_original": "CHILE", "ubicacion_normalizada": "Chile", "provincia": null, "provincias": [], "pais": "Chile", "tipo_ubicacion": "extranjero", "es_argentina": false, "es_limite": false}}, {"type": "Feature", "id": "51186d40d33f7445", "geometry": {"type": "Point", "coordinates": [-66.83, -23.9]}, "properties": {"id": "51186d40d33f7445", "fecha": "18/02/2017", "hora": "09:10:14", "latitud": -23.9, "longitud": -66.83, "profundidad": 235.0, "magnitud": 6.4, "sentido": "Si", "ubicacion_original": "JUJUY", "ubicacion_normalizada": "Jujuy", "provincia": "Jujuy", "provincias": ["Jujuy"], "pais": "Argentina", "tipo_ubicacion": "provincia", "es_argentina": true, "es_limite": false}}, {"type": "Feature", "id": "180051f7ba43adeb", "geometry": {"type": "Point", "coordinates": [-74.391, -43.517]}, "properties": {"id": "180051f7ba43adeb", "fecha": "25/12/2016", "hora": "11:22:23", "latitud": -43.517, "longitud": -74.391, "profundidad": 30.0, "magnitud": 7.6, "sentido": "Si", "ubicacion_original": "CHILE", "ubicacion_normalizada": "Chile", "provincia": null, "provincias": [], "pais": "Chile", "tipo_ubicacion": "extranjero", "es_argentina": false, "es_limite": false}}, {"type": "Feature", "id": "b88c00740b4d01a2", "geometry": {"type": "Point", "coordinates": [-68.663, -31.63]}, "properties": {"id": "b88c00740b4d01a2", "fecha": "20/11/2016", "hora": "17:57:44", "latitud": -31.63, "longitud": -68.663, "profundidad": 107.0, "magnitud": 6.3, "sentido": "Si", "ubicacion_original": "SAN JUAN", "ubicacion_normalizada": "San Juan", "provincia": "San Juan", "provincias": ["San Juan"], "pais": "Argentina", "tipo_ubicacion": "provincia", "es_argentina": true, "es_limite": false}}, {"type": "Feature", "id": "d81d9ad04be8aa79", "geometry": {"type": "Point", "coordinates": [-73.73, -36.623]}, "properties": {"id": "d81d9ad04be8aa79", "fecha": "08/11/2016", "hora": "01:55:43", "latitud": -36.623, "longitud": -73.73, "profundidad": 15.0, "magnitud": 6.0, "sentido": "No", "ubicacion_original": "CHILE", "ubicacion_normalizada": "Chile", "provincia": null, "provincias": [], "pais": "Chile", "tipo_ubicacion": "extranjero", "es_argentina": false, "es_limite": false}}, {"type": "Feature", "id": "56c3cba43ea02997", "geometry": {"type": "Point", "coordinates": [-71.174, -35.133]}, "properties": {"id": "56c3cba43ea02997", "fecha": "04/11/2016", "hora": "13:20:42", "latitud": -35.133, "longitud": -71.174, "profundidad": 122.0, "magnitud": 6.0, "sentido": "No", "ubicacion_original": "CHILE", "ubicacion_normalizada": "Chile", "provincia": null, "provincias": [], "pais": "Chile", "tipo_ubicacion": "extranjero", "es_argentina": false, "es_limite": false}}, {"type": "Feature", "id": "21d71f07bae9c1dd", "geometry": {"type": "Point", "coordinates": [-31.939, -55.339]}, "properties": {"id": "21d71f07bae9c1dd", "fecha": "19/08/2016", "hora": "04:32:23", "latitud": -55.339, "longitud": -31.939, "profundidad": 10.0, "magnitud": 7.4, "sentido": "No", "ubicacion_original": "ISLAS GEORGIA DEL SUR", "ubicacion_normalizada": "Islas del Atlántico Sur", "provincia": "Tierra del Fuego, Antártida e Islas del Atlántico Sur", "provincias": ["Tierra del Fuego, Antártida e Islas del Atlántico Sur"], "pais": "Argentina", "tipo_ubicacion": "provincia", "es_argentina": true, "es_limite": false}}, {"type": "Feature", "id": "fe889a7491a4d909", "geometry": {"type": "Point", "coordinates": [-72.462, -30.424]}, "properties": {"id": "fe889a7491a4d909", "fecha": "22/02/2016", "hora": "03:36:59", "latitud": -30.424, "longitud": -72.462, "profundidad": 27.0, "magnitud": 6.3, "sentido": "No", "ubicacion_original": "OCEANO PACIFICO", "ubicacion_normalizada": "Océano Pacífico", "provincia": null, "provincias": [], "pais": "Océano Pacífico", "tipo_ubicacion": "oceano", "es_argentina": false, "es_limite": false}}, {"type": "Feature", "id": "d2c56eb1e0254c73", "geometry": {"type": "Point", "coordinates": [-71.939, -30.555]}, "properties": {"id": "d2c56eb1e0254c73", "fecha": "09/02/2016", "hora": "21:33:01", "latitud": -30.555, "longitud": -71.939, "profundidad": 15.0, "magnitud": 6.3, "sentido": "Si", "ubicacion_original": "OCEANO PACIFICO", "ubicacion_normalizada": "Océano Pacífico", "provincia": null, "provincias": [], "pais": "Océano Pacífico", "tipo_ubicacion": "oceano", "es_argentina": false, "es_limite": false}}, {"type": "Feature", "id": "f44239a4ee7180b2", "geometry": {"type": "Point", "coordinates": [-71.544, -30.655]}, "properties": {"id": "f44239a4ee7180b2", "fecha": "19/12/2015", "hora": "16:25:02", "latitud": -30.655, "longitud": -71.544, "profundidad": 29.0, "magnitud": 6.2, "sentido": "Si", "ubicacion_original": "CHILE", "ubicacion_normalizada": "Chile", "provincia": null, "provincias": [], "pais": "Chile", "tipo_ubicacion": "extranjero", "es_argentina": false, "es_limite": false}}, {"type": "Feature", "id": "baa3d5fcd386bc8c", "geometry": {"type": "Point", "coordinates": [-70.74, -24.76]}, "properties": {"id": "baa3d5fcd386bc8c", "fecha": "27/11/2015", "hora": "18:00:19", "latitud": -24.76, "longitud": -70.74, "profundidad": 20.0, "magnitud": 6.4, "sentido": "Si", "ubicacion_original": "CHILE", "ubicacion_normalizada": "Chile", "provincia": null, "provincias": [], "pais": "Chile", "tipo_ubicacion": "extranjero", "es_argentina": false, "es_limite": false}}, {"type": "Feature", "id": "59cfff0b623b2922", "geometry": {"type": "Point", "coordinates": [-71.8, -30.61]}, "properties": {"id": "59cfff0b623b2922", "fecha": "21/11/2015", "hora": "20:05:23", "latitud": -30.61, "longitud": -71.8, "profundidad": 10.0, "magnitud": 6.1, "sentido": "Si", "ubicacion_original": "CHILE", "ubicacion_normalizada": "Chile", "provincia": null, "provincias": [], "pais": "Chile", "tipo_ubicacion": "extranjero", "es_argentina": false, "es_limite": false}}, {"type": "Feature", "id": "aaf385a85c282959", "geometry": {"type": "Point", "coordinates": [-72.371, -29.359]}, "properties": {"id": "aaf385a85c282959", "fecha": "10/11/2015", "hora": "23:46:11", "latitud": -29.359, "longitud": -72.371, "profundidad": 10.0, "magnitud": 6.6, "sentido": "Si", "ubicacion_original": "OCEANO PACIFICO", "ubicacion_normalizada": "Océano Pacífico", "provincia": null, "provincias": [], "pais": "Océano Pacífico", "tipo_ubicacion": "oceano", "es_argentina": false, "es_limite": false}}, {"type": "Feature", "id": "f6245480cded4d20", "geometry": {"type": "Point", "coordinates": [-72.468, -29.358]}, "properties": {"id": "f6245480cded4d20", "fecha": "10/11/2015", "hora": "22:54:33", "latitud": -29.358, "longitud": -72.468, "profundidad": 26.0, "magnitud": 6.4, "sentido": "Si", "ubicacion_original": "OCEANO PACIFICO", "ubicacion_normalizada": "Océano Pacífico", "provincia": null, "provincias": [], "pais": "Océano Pacífico", "tipo_ubicacion": "oceano", "es_argentina": false, "es_limite": false}}, {"type": "Feature", "id": "e4345e89358c1937", "geometry": {"type": "Point", "coordinates": [-71.718, -30.687]}, "properties": {"id": "e4345e89358c1937", "fecha": "07/11/2015", "hora": "07:53:40", "latitud": -30.687, "longitud": -71.718, "profundidad": 28.0, "magnitud": 6.0, "sentido": "Si", "ubicacion_original": "CHILE", "ubicacion_normalizada": "Chile", "provincia": null, "provincias": [], "pais": "Chile", "tipo_ubicacion": "extranjero", "es_argentina": false, "es_limite": false}}, {"type": "Feature", "id": "9fa8ef0ac19e2a1a", "geometry": {"type": "Point", "coordinates": [-71.727, -30.844]}, "properties": {"id": "9fa8ef0ac19e2a1a", "fecha": "07/11/2015", "hora": "04:31:41", "latitud": -30.844, "longitud": -71.727, "profundidad": 56.0, "magnitud": 6.8, "sentido": "Si", "ubicacion_original": "CHILE", "ubicacion_normalizada": "Chile", "provincia": null, "provincias": [], "pais": "Chile", "tipo_ubicacion": "extranjero", "es_argentina": false, "es_limite": false}}, {"type": "Feature", "id": "41ee1250537ac0df", "geometry": {"type": "Point", "coordinates": [-72.414, -29.369]}, "properties": {"id": "41ee1250537ac0df", "fecha": "07/11/2015", "hora": "04:04:32", "latitud": -29.369, "longitud": -72.414, "profundidad": 15.0, "magnitud": 6.0, "sentido": "Si", "ubicacion_original": "OCEANO PACIFICO", "ubicacion_normalizada": "Océano Pacífico", "provincia": null, "provincias": [], "pais": "Océano Pacífico", "tipo_ubicacion": "oceano", "es_argentina": false, "es_limite": false}}, {"type": "Feature", "id": "56786f828b590477", "geometry": {"type": "Point", "coordinates": [-71.71, -30.29]}, "properties": {"id": "56786f828b590477", "fecha": "03/10/2015", "hora": "03:26:53", "latitud": -30.29, "longitud": -71.71, "profundidad": 30.0, "magnitud": 6.0, "sentido": "Si", "ubicacion_original": "CHILE", "ubicacion_normalizada": "Chile", "provincia": null, "provincias": [], "pais": "Chile", "tipo_ubicacion": "extranjero", "es_argentina": false, "es_limite": false}}, {"type": "Feature", "id": "998a9d74e8edf88e", "geometry": {"type": "Point", "coordinates": [-66.802, -23.866]}, "properties": {"id": "998a9d74e8edf88e", "fecha": "28/09/2015", "hora": "12:28:02", "latitud": -23.866, "longitud": -66.802, "profundidad": 227.0, "magnitud": 6.0, "sentido": "No", "ubicacion_original": "JUJUY", "ubicacion_normalizada": "Jujuy", "provincia": "Jujuy", "provincias": ["Jujuy"], "pais": "Argentina", "tipo_ubicacion": "provincia", "es_argentina": true, "es_limite": false}}, {"type": "Feature", "id": "1475c86bca71fd28", "geometry": {"type": "Point", "coordinates": [-71.86, -30.7]}, "properties": {"id": "1475c86bca71fd28", "fecha": "25/09/2015", "hora": "23:51:13", "latitud": -30.7, "longitud": -71.86, "profundidad": 30.0, "magnitud": 6.2, "sentido": "Si", "ubicacion_original": "CHILE", "ubicacion_normalizada": "Chile", "provincia": null, "provincias": [], "pais": "Chile", "tipo_ubicacion": "extranjero", "es_argentina": false, "es_limite": false}}, {"type": "Feature", "id": "6e7bd9118ed2bc30", "geometry": {"type": "Point", "coordinates": [-71.32, -31.43]}, "properties": {"id": "6e7bd9118ed2bc30", "fecha": "22/09/2015", "hora": "04:12:58", "latitud": -31.43, "longitud": -71.32, "profundidad": 60.0, "magnitud": 6.1, "sentido": "Si", "ubicacion_original": "CHILE", "ubicacion_normalizada": "Chile", "provincia": null, "provincias": [], "pais": "Chile", "tipo_ubicacion": "extranjero", "es_argentina": false, "es_limite": false}}, {"type": "Feature", "id": "5d192084800e6ef3", "geometry": {"type": "Point", "coordinates": [-71.976, -31.732]}, "properties": {"id": "5d192084800e6ef3", "fecha": "21/09/2015", "hora": "16:56:05", "latitud": -31.732, "longitud": -71.976, "profundidad": 25.0, "magnitud": 6.0, "sentido": "Si", "ubicacion_original": "OCEANO PACIFICO", "ubicacion_normalizada": "Océano Pacífico", "provincia": null, "provincias": [], "pais": "Océano Pacífico", "tipo_ubicacion": "oceano", "es_argentina": false, "es_limite": false}}, {"type": "Feature", "id": "295e679b2069b12f", "geometry": {"type": "Point", "coordinates": [-71.88, -31.73]}, "properties": {"id": "295e679b2069b12f", "fecha": "21/09/2015", "hora": "14:39:57", "latitud": -31.73, "longitud": -71.88, "profundidad": 10.0, "magnitud": 6.5, "sentido": "Si", "ubicacion_original": "CHILE", "ubicacion_normalizada": "Chile", "provincia": null, "provincias": [], "pais": "Chile", "tipo_ubicacion": "extranjero", "es_argentina": false, "es_limite": false}}, {"type": "Feature", "id": "c756d3e10c054890", "geometry": {"type": "Point", "coordinates": [-72.275, -31.008]}, "properties": {"id": "c756d3e10c054890", "fecha": "21/09/2015", "hora": "12:37:02", "latitud": -31.008, "longitud": -72.275, "profundidad": 9.0, "magnitud": 6.1, "sentido": "Si", "ubicacion_original": "OCEANO PACIFICO", "ubicacion_normalizada": "Océano Pacífico", "provincia": null, "provincias": [], "pais": "Océano Pacífico", "tipo_ubicacion": "oceano", "es_argentina": false, "es_limite": false}}, {"type": "Feature", "id": "8d1b9693c3a371d8", "geometry": {"type": "Point", "coordinates": [-71.74, -31.76]}, "properties": {"id": "8d1b9693c3a371d8", "fecha": "21/09/2015", "hora": "02:39:08", "latitud": -31.76, "longitud": -71.74, "profundidad": 40.0, "magnitud": 6.2, "sentido": "Si", "ubicacion_original": "OCEANO PACIFICO", "ubicacion_normalizada": "Océano Pacífico", "provincia": null, "provincias": [], "pais": "Océano Pacífico", "tipo_ubicacion": "oceano", "es_argentina": false, "es_limite": false}}, {"type": "Feature", "id": "d0ccb3eac8b0fe28", "geometry": {"type": "Point", "coordinates": [-72.57, -32.28]}, "properties": {"id": "d0ccb3eac8b0fe28", "fecha": "19/09/2015", "hora": "09:52:17", "latitud": -32.28, "longitud": -72.57, "profundidad": 10.0, "magnitud": 6.3, "sentido": "Si", "ubicacion_original": "OCEANO PACIFICO", "ubicacion_normalizada": "Océano Pacífico", "provincia": null, "provincias": [], "pais": "Océano Pacífico", "tipo_ubicacion": "oceano", "es_argentina": false, "es_limite": false}}, {"type": "Feature", "id": "51dd08ed9259ebe0", "geometry": {"type": "Point", "coordinates": [-72.06, -31.59]}, "properties": {"id": "51dd08ed9259ebe0", "fecha": "17/09/2015", "hora": "01:10:28", "latitud": -31.59, "longitud": -72.06, "profundidad": 10.0, "magnitud": 6.7, "sentido": "Si", "ubicacion_original": "OCEANO PACIFICO", "ubicacion_normalizada": "Océano Pacífico", "provincia": null, "provincias": [], "pais": "Océano Pacífico", "tipo_ubicacion": "oceano", "es_argentina": false, "es_limite": false}}, {"type": "Feature", "id": "b2f971f3c2c2f32d", "geometry": {"type": "Point", "coordinates": [-71.33, -31.06]}, "properties": {"id": "b2f971f3c2c2f32d", "fecha": "17/09/2015", "hora": "00:55:07", "latitud": -31.06, "longitud": -71.33, "profundidad": 10.0, "magnitud": 6.1, "sentido": "Si", "ubicacion_original": "CHILE", "ubicacion_normalizada": "Chile", "provincia": null, "provincias": [], "pais": "Chile", "tipo_ubicacion": "extranjero", "es_argentina": false, "es_limite": false}}, {"type": "Feature", "id": "5dd92f42770e9567", "geometry": {"type": "Point", "coordinates": [-72.43, -31.99]}, "properties": {"id": "5dd92f42770e9567", "fecha": "16/09/2015", "hora": "22:33:06", "latitud": -31.99, "longitud": -72.43, "profundidad": 10.0, "magnitud": 6.3, "sentido": "Si", "ubicacion_original": "OCEANO PACIFICO", "ubicacion_normalizada": "Océano Pacífico", "provincia": null, "provincias": [], "pais": "Océano Pacífico", "tipo_ubicacion": "oceano", "es_argentina": false, "es_limite": false}}, {"type": "Feature", "id": "e182985a1bd5113b", "geometry": {"type": "Point", "coordinates": [-72.42, -30.98]}, "properties": {"id": "e182985a1bd5113b", "fecha": "16/09/2015", "hora": "21:50:02", "latitud": -30.98, "longitud": -72.42, "profundidad": 10.0, "magnitud": 6.1, "sentido": "Si", "ubicacion_original": "OCEANO PACIFICO", "ubicacion_normalizada": "Océano Pacífico", "provincia": null, "provincias": [], "pais": "Océano Pacífico", "tipo_ubicacion": "oceano", "es_argentina": false, "es_limite": false}}, {"type": "Feature", "id": "2fcb8da341f4d0a3", "geometry": {"type": "Point", "coordinates": [-71.95, -31.994]}, "properties": {"id": "2fcb8da341f4d0a3", "fecha": "16/09/2015", "hora": "20:38:04", "latitud": -31.994, "longitud": -71.95, "profundidad": 10.0, "magnitud": 6.2, "sentido": "Si", "ubicacion_original": "OCEANO PACIFICO", "ubicacion_normalizada": "Océano Pacífico", "provincia": null, "provincias": [], "pais": "Océano Pacífico", "tipo_ubicacion": "oceano", "es_argentina": false, "es_limite": false}}, {"type": "Feature", "id": "67a43d2fc2a103f5", "geometry": {"type": "Point", "coordinates": [-71.73, -31.63]}, "properties": {"id": "67a43d2fc2a103f5", "fecha": "16/09/2015", "hora": "20:18:43", "latitud": -31.63, "longitud": -71.73, "profundidad": 10.0, "magnitud": 7.6, "sentido": "Si", "ubicacion_original": "CHILE", "ubicacion_normalizada": "Chile", "provincia": null, "provincias": [], "pais": "Chile", "tipo_ubicacion": "extranjero", "es_argentina": false, "es_limite": false}}, {"type": "Feature", "id": "652a9a654e683af2", "geometry": {"type": "Point", "coordinates": [-72.29, -31.78]}, "properties": {"id": "652a9a654e683af2", "fecha": "16/09/2015", "hora": "20:16:08", "latitud": -31.78, "longitud": -72.29, "profundidad": 10.0, "magnitud": 6.8, "sentido": "Si", "ubicacion_original": "OCEANO PACIFICO", "ubicacion_normalizada": "Océano Pacífico", "provincia": null, "provincias": [], "pais": "Océano Pacífico", "tipo_ubicacion": "oceano", "es_argentina": false, "es_limite": false}}, {"type": "Feature", "id": "78ef585198e80d73", "geometry": {"type": "Point", "coordinates": [-71.677, -31.733]}, "properties": {"id": "78ef585198e80d73", "fecha": "16/09/2015", "hora": "20:03:59", "latitud": -31.733, "longitud": -71.677, "profundidad": 30.0, "magnitud": 6.1, "sentido": "Si", "ubicacion_original": "CHILE", "ubicacion_normalizada": "Chile", "provincia": null, "provincias": [], "pais": "Chile", "tipo_ubicacion": "extranjero", "es_argentina": false, "es_limite": false}}, {"type": "Feature", "id": "cd1d35d2463ac283", "geometry": {"type": "Point", "coordinates": [-71.745, -31.618]}, "properties": {"id": "cd1d35d2463ac283", "fecha": "16/09/2015", "hora": "19:59:16", "latitud": -31.618, "longitud": -71.745, "profundidad": 30.0, "magnitud": 7.1, "sentido": "Si", "ubicacion_original": "CHILE", "ubicacion_normalizada": "Chile", "provincia": null, "provincias": [], "pais": "Chile", "tipo_ubicacion": "extranjero", "es_argentina": false, "es_limite": false}}, {"type": "Feature", "id": "c09ca9c534e3de75", "geometry": {"type": "Point", "coordinates": [-72.27, -31.49]}, "properties": {"id": "c09ca9c534e3de75", "fecha": "16/09/2015", "hora": "19:54:26", "latitud": -31.49, "longitud": -72.27, "profundidad": 10.0, "magnitud": 8.3, "sentido": "Si", "ubicacion_original": "OCEANO PACIFICO", "ubicacion_normalizada": "Océano Pacífico", "provincia": null, "provincias": [], "pais": "Océano Pacífico", "tipo_ubicacion": "oceano", "es_argentina": false, "es_limite": false}}, {"type": "Feature", "id": "5efb953f3853a974", "geometry": {"type": "Point", "coordinates": [-71.605, -29.665]}, "properties": {"id": "5efb953f3853a974", "fecha": "23/08/2015", "hora": "20:10:01", "latitud": -29.665, "longitud": -71.605, "profundidad": 49.0, "magnitud": 6.0, "sentido": "Si", "ubicacion_original": "CHILE", "ubicacion_normalizada": "Chile", "provincia": null, "provincias": [], "pais": "Chile", "tipo_ubicacion": "extranjero", "es_argentina": false, "es_limite": false}}, {"type": "Feature", "id": "27c161d59eebc9a9", "geometry": {"type": "Point", "coordinates": [-66.746, -23.045]}, "properties": {"id": "27c161d59eebc9a9", "fecha": "11/02/2015", "hora": "15:57:18", "latitud": -23.045, "longitud": -66.746, "profundidad": 240.0, "magnitud": 6.3, "sentido": "Si", "ubicacion_original": "JUJUY", "ubicacion_normalizada": "Jujuy", "provincia": "Jujuy", "provincias": ["Jujuy"], "pais": "Argentina", "tipo_ubicacion": "provincia", "es_argentina": true, "es_limite": false}}, {"type": "Feature", "id": "0b523a2c80fb0631", "geometry": {"type": "Point", "coordinates": [-67.217, -32.613]}, "properties": {"id": "0b523a2c80fb0631", "fecha": "02/02/2015", "hora": "07:49:48", "latitud": -32.613, "longitud": -67.217, "profundidad": 178.0, "magnitud": 6.2, "sentido": "Si", "ubicacion_original": "SAN LUIS", "ubicacion_normalizada": "San Luis", "provincia": "San Luis", "provincias": ["San Luis"], "pais": "Argentina", "tipo_ubicacion": "provincia", "es_argentina": true, "es_limite": false}}, {"type": "Feature", "id": "2a46301b00817a7b", "geometry": {"type": "Point", "coordinates": [-71.558, -32.715]}, "properties": {"id": "2a46301b00817a7b", "fecha": "23/08/2014", "hora": "19:32:22", "latitud": -32.715, "longitud": -71.558, "profundidad": 10.0, "magnitud": 6.1, "sentido": "Si", "ubicacion_original": "CHILE", "ubicacion_normalizada": "Chile", "provincia": null, "provincias": [], "pais": "Chile", "tipo_ubicacion": "extranjero", "es_argentina": false, "es_limite": false}}, {"type": "Feature", "id": "b08c5e1464640ef7", "geometry": {"type": "Point", "coordinates": [-71.976, -30.237]}, "properties": {"id": "b08c5e1464640ef7", "fecha": "31/10/2013", "hora": "20:03:57", "latitud": -30.237, "longitud": -71.976, "profundidad": 56.0, "magnitud": 6.6, "sentido": "Si", "ubicacion_original": "REPUBLICA DE CHILE", "ubicacion_normalizada": "Chile", "provincia": null, "provincias": [], "pais": "Chile", "tipo_ubicacion": "extranjero", "es_argentina": false, "es_limite": false}}, {"type": "Feature", "id": "57fe9927bb3e3f2d", "geometry": {"type": "Point", "coordinates": [-63.0, -27.89]}, "properties": {"id": "57fe9927bb3e3f2d", "fecha": "22/02/2013", "hora": "09:02:02", "latitud": -27.89, "longitud": -63.0, "profundidad": 586.0, "magnitud": 6.1, "sentido": "Si", "ubicacion_original": "SANTIAGO DEL ESTERO", "ubicacion_normalizada": "Santiago del Estero", "provincia": "Santiago del Estero", "provincias": ["Santiago del Estero"], "pais": "Argentina", "tipo_ubicacion": "provincia", "es_argentina": true, "es_limite": false}}, {"type": "Feature", "id": "d95d543eb6ae65be", "geometry": {"type": "Point", "coordinates": [-70.885, -28.273]}, "properties": {"id": "d95d543eb6ae65be", "fecha": "30/01/2013", "hora": "17:15:43", "latitud": -28.273, "longitud": -70.885, "profundidad": 28.0, "magnitud": 6.6, "sentido": "Si", "ubicacion_original": "REPUBLICA DE CHILE", "ubicacion_normalizada": "Chile", "provincia": null, "provincias": [], "pais": "Chile", "tipo_ubicacion": "extranjero", "es_argentina": false, "es_limite": false}}, {"type": "Feature", "id": "2020808e378a7fd7", "geometry": {"type": "Point", "coordinates": [-71.496, -29.101]}, "properties": {"id": "2020808e378a7fd7", "fecha": "14/11/2012", "hora": "16:02:04", "latitud": -29.101, "longitud": -71.496, "profundidad": 64.0, "magnitud": 6.0, "sentido": "Si", "ubicacion_original": "REPUBLICA DE CHILE", "ubicacion_normalizada": "Chile", "provincia": null, "provincias": [], "pais": "Chile", "tipo_ubicacion": "extranjero", "es_argentina": false, "es_limite": false}}, {"type": "Feature", "id": "f2be368442d6fb5d", "geometry": {"type": "Point", "coordinates": [-63.687, -22.331]}, "properties": {"id": "f2be368442d6fb5d", "fecha": "02/06/2012", "hora": "04:52:48", "latitud": -22.331, "longitud": -63.687, "profundidad": 583.0, "magnitud": 6.5, "sentido": "No", "ubicacion_original": "SALTA", "ubicacion_normalizada": "Salta", "provincia": "Salta", "provincias": ["Salta"], "pais": "Argentina", "tipo_ubicacion": "provincia", "es_argentina": true, "es_limite": false}}, {"type": "Feature", "id": "0ad246c7296a698c", "geometry": {"type": "Point", "coordinates": [-63.138, -28.155]}, "properties": {"id": "0ad246c7296a698c", "fecha": "28/05/2012", "hora": "02:07:12", "latitud": -28.155, "longitud": -63.138, "profundidad": 662.0, "magnitud": 6.4, "sentido": "No", "ubicacion_original": "SANTIAGO DEL ESTERO", "ubicacion_normalizada": "Santiago del Estero", "provincia": "Santiago del Estero", "provincias": ["Santiago del Estero"], "pais": "Argentina", "tipo_ubicacion": "provincia", "es_argentina": true, "es_limite": false}}, {"type": "Feature", "id": "2e7c38d8fa9776c0", "geometry": {"type": "Point", "coordinates": [-71.743, -32.83]}, "properties": {"id": "2e7c38d8fa9776c0", "fecha": "17/04/2012", "hora": "00:50:14", "latitud": -32.83, "longitud": -71.743, "profundidad": 27.0, "magnitud": 6.5, "sentido": "Si", "ubicacion_original": "CHILE", "ubicacion_normalizada": "Chile", "provincia": null, "provincias": [], "pais": "Chile", "tipo_ubicacion": "extranjero", "es_argentina": false, "es_limite": false}}, {"type": "Feature", "id": "ff6fa13582229738", "geometry": {"type": "Point", "coordinates": [-65.41, -57.59]}, "properties": {"id": "ff6fa13582229738", "fecha": "14/04/2012", "hora": "07:56:10", "latitud": -57.59, "longitud": -65.41, "profundidad": 10.0, "magnitud": 6.0, "sentido": "No", "ubicacion_original": "ESTRECHO DE DRAKE", "ubicacion_normalizada": "Pasaje de Drake / Mar de Scotia", "provincia": null, "provincias": [], "pais": "Océano Antártico", "tipo_ubicacion": "oceano", "es_argentina": true, "es_limite": false}}, {"type": "Feature", "id": "457a88ceee69264c", "geometry": {"type": "Point", "coordinates": [-72.335, -35.135]}, "properties": {"id": "457a88ceee69264c", "fecha": "25/03/2012", "hora": "19:37:05", "latitud": -35.135, "longitud": -72.335, "profundidad": 48.0, "magnitud": 6.8, "sentido": "Si", "ubicacion_original": "MAULE - CHILE", "ubicacion_normalizada": "Chile", "provincia": null, "provincias": [], "pais": "Chile", "tipo_ubicacion": "extranjero", "es_argentina": false, "es_limite": true}}, {"type": "Feature", "id": "70f2d6e608be64c8", "geometry": {"type": "Point", "coordinates": [-63.089, -28.371]}, "properties": {"id": "70f2d6e608be64c8", "fecha": "05/03/2012", "hora": "04:46:01", "latitud": -28.371, "longitud": -63.089, "profundidad": 583.0, "magnitud": 6.0, "sentido": "No", "ubicacion_original": "SANTIAGO DEL ESTERO", "ubicacion_normalizada": "Santiago del Estero", "provincia": "Santiago del Estero", "provincias": ["Santiago del Estero"], "pais": "Argentina", "tipo_ubicacion": "provincia", "es_argentina": true, "es_limite": false}}, {"type": "Feature", "id": "c4321e159b1e5efb", "geometry": {"type": "Point", "coordinates": [-64.352, -24.248]}, "properties": {"id": "c4321e159b1e5efb", "fecha": "06/10/2011", "hora": "08:12:29", "latitud": -24.248, "longitud": -64.352, "profundidad": 8.0, "magnitud": 6.0, "sentido": "Si", "ubicacion_original": "JUJUY", "ubicacion_normalizada": "Jujuy", "provincia": "Jujuy", "provincias": ["Jujuy"], "pais": "Argentina", "tipo_ubicacion": "provincia", "es_argentina": true, "es_limite": false}}, {"type": "Feature", "id": "86054691c898a3f4", "geometry": {"type": "Point", "coordinates": [-63.019, -28.638]}, "properties": {"id": "86054691c898a3f4", "fecha": "02/09/2011", "hora": "10:47:01", "latitud": -28.638, "longitud": -63.019, "profundidad": 635.0, "magnitud": 6.9, "sentido": "Si", "ubicacion_original": "SANTIAGO DEL ESTERO", "ubicacion_normalizada": "Santiago del Estero", "provincia": "Santiago del Estero", "provincias": ["Santiago del Estero"], "pais": "Argentina", "tipo_ubicacion": "provincia", "es_argentina": true, "es_limite": false}}, {"type": "Feature", "id": "160178886bfb065f", "geometry": {"type": "Point", "coordinates": [-69.182, -38.54]}, "properties": {"id": "160178886bfb065f", "fecha": "17/07/2021", "hora": "05:59:46", "latitud": -38.54, "longitud": -69.182, "profundidad": 5.0, "magnitud": 3.0, "sentido": "Si", "ubicacion_original": "NEUQUEN", "ubicacion_normalizada": "Neuquén", "provincia": "Neuquén", "provincias": ["Neuquén"], "pais": "Argentina", "tipo_ubicacion": "provincia", "es_argentina": true, "es_limite": false}}, {"type": "Feature", "id": "9154fcb3d2d3bea7", "geometry": {"type": "Point", "coordinates": [-69.099, -32.667]}, "properties": {"id": "9154fcb3d2d3bea7", "fecha": "19/08/2020", "hora": "05:00:04", "latitud": -32.667, "longitud": -69.099, "profundidad": 6.0, "magnitud": 2.9, "sentido": "Si", "ubicacion_original": "MENDOZA", "ubicacion_normalizada": "Mendoza", "provincia": "Mendoza", "provincias": ["Mendoza"], "pais": "Argentina", "tipo_ubicacion": "provincia", "es_argentina": true, "es_limite": false}}, {"type": "Feature", "id": "1dd3f62c8381f4ca", "geometry": {"type": "Point", "coordinates": [-66.554, -27.399]}, "properties": {"id": "1dd3f62c8381f4ca", "fecha": "07/05/2019", "hora": "03:10:18", "latitud": -27.399, "longitud": -66.554, "profundidad": 25.0, "magnitud": 3.1, "sentido": "Si", "ubicacion_original": "CATAMARCA", "ubicacion_normalizada": "Catamarca", "provincia": "Catamarca", "provincias": ["Catamarca"], "pais": "Argentina", "tipo_ubicacion": "provincia", "es_argentina": true, "es_limite": false}}, {"type": "Feature", "id": "3a827b3e0892749c", "geometry": {"type": "Point", "coordinates": [-67.067, -30.012]}, "properties": {"id": "3a827b3e0892749c", "fecha": "02/04/2022", "hora": "16:35:20", "latitud": -30.012, "longitud": -67.067, "profundidad": 12.0, "magnitud": 3.1, "sentido": "Si", "ubicacion_original": "LA RIOJA", "ubicacion_normalizada": "La Rioja", "provincia": "La Rioja", "provincias": ["La Rioja"], "pais": "Argentina", "tipo_ubicacion": "provincia", "es_argentina": true, "es_limite": false}}, {"type": "Feature", "id": "a3b3343476ebe992", "geometry": {"type": "Point", "coordinates": [-66.616, -27.396]}, "properties": {"id": "a3b3343476ebe992", "fecha": "03/06/2023", "hora": "10:05:41", "latitud": -27.396, "longitud": -66.616, "profundidad": 10.0, "magnitud": 3.2, "sentido": "Si", "ubicacion_original": "CATAMARCA", "ubicacion_normalizada": "Catamarca", "provincia": "Catamarca", "provincias": ["Catamarca"], "pais": "Argentina", "tipo_ubicacion": "provincia", "es_argentina": true, "es_limite": false}}, {"type": "Feature", "id": "d7559f4843447abb", "geometry": {"type": "Point", "coordinates": [-68.651, -31.235]}, "properties": {"id": "d7559f4843447abb", "fecha": "16/04/2013", "hora": "11:54:49", "latitud": -31.235, "longitud": -68.651, "profundidad": 105.0, "magnitud": 3.8, "sentido": "Si", "ubicacion_original": "SAN JUAN", "ubicacion_normalizada": "San Juan", "provincia": "San Juan", "provincias": ["San Juan"], "pais": "Argentina", "tipo_ubicacion": "provincia", "es_argentina": true, "es_limite": false}}, {"type": "Feature", "id": "05e485da70332d9f", "geometry": {"type": "Point", "coordinates": [-68.39, -32.084]}, "properties": {"id": "05e485da70332d9f", "fecha": "12/07/2025", "hora": "03:52:00", "latitud": -32.084, "longitud": -68.39, "profundidad": 128.0, "magnitud": 4.7, "sentido": "Si", "ubicacion_original": "SAN JUAN", "ubicacion_normalizada": "San Juan", "provincia": "San Juan", "provincias": ["San Juan"], "pais": "Argentina", "tipo_ubicacion": "provincia", "es_argentina": true, "es_limite": false}}, {"type": "Feature", "id": "65c0ce0d6bc24ccf", "geometry": {"type": "Point", "coordinates": [-68.185, -33.498]}, "properties": {"id": "65c0ce0d6bc24ccf", "fecha": "20/08/2018", "hora": "03:40:53", "latitud": -33.498, "longitud": -68.185, "profundidad": 16.0, "magnitud": 4.3, "sentido": "Si", "ubicacion_original": "MENDOZA", "ubicacion_normalizada": "Mendoza", "provincia": "Mendoza", "provincias": ["Mendoza"], "pais": "Argentina", "tipo_ubicacion": "provincia", "es_argentina": true, "es_limite": false}}, {"type": "Feature", "id": "717c1b3f8b8078ee", "geometry": {"type": "Point", "coordinates": [-67.145, -29.83]}, "properties": {"id": "717c1b3f8b8078ee", "fecha": "14/01/2024", "hora": "11:33:40", "latitud": -29.83, "longitud": -67.145, "profundidad": 10.0, "magnitud": 2.5, "sentido": "Si", "ubicacion_original": "LA RIOJA", "ubicacion_normalizada": "La Rioja", "provincia": "La Rioja", "provincias": ["La Rioja"], "pais": "Argentina", "tipo_ubicacion": "provincia", "es_argentina": true, "es_limite": false}}, {"type": "Feature", "id": "f205e98ece23d30f", "geometry": {"type": "Point", "coordinates": [-64.522, -32.134]}, "properties": {"id": "f205e98ece23d30f", "fecha": "22/05/2017", "hora": "03:41:06", "latitud": -32.134, "longitud": -64.522, "profundidad": 4.0, "magnitud": 2.5, "sentido": "Si", "ubicacion_original": "CORDOBA", "ubicacion_normalizada": "Córdoba", "provincia": "Córdoba", "provincias": ["Córdoba"], "pais": "Argentina", "tipo_ubicacion": "provincia", "es_argentina": true, "es_limite": false}}, {"type": "Feature", "id": "9050211ded6fbe83", "geometry": {"type": "Point", "coordinates": [-67.43, -28.616]}, "properties": {"id": "9050211ded6fbe83", "fecha": "20/08/2020", "hora": "22:29:44", "latitud": -28.616, "longitud": -67.43, "profundidad": 141.0, "magnitud": 3.4, "sentido": "Si", "ubicacion_original": "LA RIOJA", "ubicacion_normalizada": "La Rioja", "provincia": "La Rioja", "provincias": ["La Rioja"], "pais": "Argentina", "tipo_ubicacion": "provincia", "es_argentina": true, "es_limite": false}}, {"type": "Feature", "id": "2044fa8362d7f4b1", "geometry": {"type": "Point", "coordinates": [-64.321, -26.651]}, "properties": {"id": "2044fa8362d7f4b1", "fecha": "30/06/2021", "hora": "05:04:18", "latitud": -26.651, "longitud": -64.321, "profundidad": 6.0, "magnitud": 3.3, "sentido": "Si", "ubicacion_original": "SANTIAGO DEL ESTERO", "ubicacion_normalizada": "Santiago del Estero", "provincia": "Santiago del Estero", "provincias": ["Santiago del Estero"], "pais": "Argentina", "tipo_ubicacion": "provincia", "es_argentina": true, "es_limite": false}}, {"type": "Feature", "id": "68a88101f6dda482", "geometry": {"type": "Point", "coordinates": [-69.774, -29.726]}, "properties": {"id": "68a88101f6dda482", "fecha": "21/01/2019", "hora": "09:48:40", "latitud": -29.726, "longitud": -69.774, "profundidad": 120.0, "magnitud": 4.0, "sentido": "Si", "ubicacion_original": "SAN JUAN", "ubicacion_normalizada": "San Juan", "provincia": "San Juan", "provincias": ["San Juan"], "pais": "Argentina", "tipo_ubicacion": "provincia", "es_argentina": true, "es_limite": false}}, {"type": "Feature", "id": "9b1a2524cbff7dec", "geometry": {"type": "Point", "coordinates": [-68.851, -31.236]}, "properties": {"id": "9b1a2524cbff7dec", "fecha": "20/08/2024", "hora": "09:03:34", "latitud": -31.236, "longitud": -68.851, "profundidad": 109.0, "magnitud": 3.6, "sentido": "Si", "ubicacion_original": "SAN JUAN", "ubicacion_normalizada": "San Juan", "provincia": "San Juan", "provincias": ["San Juan"], "pais": "Argentina", "tipo_ubicacion": "provincia", "es_argentina": true, "es_limite": false}}, {"type": "Feature", "id": "6b3e56ecfd11ef3c", "geometry": {"type": "Point", "coordinates": [-66.219, -28.469]}, "properties": {"id": "6b3e56ecfd11ef3c", "fecha": "02/12/2020", "hora": "23:15:21", "latitud": -28.469, "longitud": -66.219, "profundidad": 17.0, "magnitud": 3.0, "sentido": "Si", "ubicacion_original": "CATAMARCA", "ubicacion_normalizada": "Catamarca", "provincia": "Catamarca", "provincias": ["Catamarca"], "pais": "Argentina", "tipo_ubicacion": "provincia", "es_argentina": true, "es_limite": false}}, {"type": "Feature", "id": "3184cdc45ec849d0", "geometry": {"type": "Point", "coordinates": [-67.573, -28.368]}, "properties": {"id": "3184cdc45ec849d0", "fecha": "05/03/2020", "hora": "03:57:41", "latitud": -28.368, "longitud": -67.573, "profundidad": 150.0, "magnitud": 5.5, "sentido": "Si", "ubicacion_original": "LA RIOJA", "ubicacion_normalizada": "La Rioja", "provincia": "La Rioja", "provincias": ["La Rioja"], "pais": "Argentina", "tipo_ubicacion": "provincia", "es_argentina": true, "es_limite": false}}, {"type": "Feature", "id": "a56c7135447a18d9", "geometry": {"type": "Point", "coordinates": [-64.779, -31.443]}, "properties": {"id": "a56c7135447a18d9", "fecha": "14/09/2023", "hora": "10:55:11", "latitud": -31.443, "longitud": -64.779, "profundidad": 11.0, "magnitud": 3.0, "sentido": "Si", "ubicacion_original": "CORDOBA", "ubicacion_normalizada": "Córdoba", "provincia": "Córdoba", "provincias": ["Córdoba"], "pais": "Argentina", "tipo_ubicacion": "provincia", "es_argentina": true, "es_limite": false}}, {"type": "Feature", "id": "1a64d8b96d032c0c", "geometry": {"type": "Point", "coordinates": [-69.517, -30.919]}, "properties": {"id": "1a64d8b96d032c0c", "fecha": "09/09/2022", "hora": "02:40:02", "latitud": -30.919, "longitud": -69.517, "profundidad": 19.0, "magnitud": 3.5, "sentido": "Si", "ubicacion_original": "SAN JUAN", "ubicacion_normalizada": "San Juan", "provincia": "San Juan", "provincias": ["San Juan"], "pais": "Argentina", "tipo_ubicacion": "provincia", "es_argentina": true, "es_limite": false}}, {"type": "Feature", "id": "70ff79713155a715", "geometry": {"type": "Point", "coordinates": [-66.016, -33.579]}, "properties": {"id": "70ff79713155a715", "fecha": "21/03/2018", "hora": "01:59:48", "latitud": -33.579, "longitud": -66.016, "profundidad": 14.0, "magnitud": 3.3, "sentido": "Si", "ubicacion_original": "SAN LUIS", "ubicacion_normalizada": "San Luis", "provincia": "San Luis", "provincias": ["San Luis"], "pais": "Argentina", "tipo_ubicacion": "provincia", "es_argentina": true, "es_limite": false}}, {"type": "Feature", "id": "7e738dd86dfcf08d", "geometry": {"type": "Point", "coordinates": [-68.749, -32.766]}, "properties": {"id": "7e738dd86dfcf08d", "fecha": "01/05/2020", "hora": "01:57:00", "latitud": -32.766, "longitud": -68.749, "profundidad": 13.0, "magnitud": 3.5, "sentido": "Si", "ubicacion_original": "MENDOZA", "ubicacion_normalizada": "Mendoza", "provincia": "Mendoza", "provincias": ["Mendoza"], "pais": "Argentina", "tipo_ubicacion": "provincia", "es_argentina": true, "es_limite": false}}, {"type": "Feature", "id": "a7169ec249347d67", "geometry": {"type": "Point", "coordinates": [-65.215, -27.001]}, "properties": {"id": "a7169ec249347d67", "fecha": "21/04/2026", "hora": "23:31:00", "latitud": -27.001, "longitud": -65.215, "profundidad": 5.0, "magnitud": 2.8, "sentido": "Si", "ubicacion_original": "TUCUMAN", "ubicacion_normalizada": "Tucumán", "provincia": "Tucumán", "provincias": ["Tucumán"], "pais": "Argentina", "tipo_ubicacion": "provincia", "es_argentina": true, "es_limite": false}}, {"type": "Feature", "id": "31314ce7aa2d98d9", "geometry": {"type": "Point", "coordinates": [-68.812, -34.187]}, "properties": {"id": "31314ce7aa2d98d9", "fecha": "27/11/2025", "hora": "00:42:32", "latitud": -34.187, "longitud": -68.812, "profundidad": 10.0, "magnitud": 2.8, "sentido": "Si", "ubicacion_original": "MENDOZA", "ubicacion_normalizada": "Mendoza", "provincia": "Mendoza", "provincias": ["Mendoza"], "pais": "Argentina", "tipo_ubicacion": "provincia", "es_argentina": true, "es_limite": false}}, {"type": "Feature", "id": "7061240929fd6dc0", "geometry": {"type": "Point", "coordinates": [-67.876, -28.992]}, "properties": {"id": "7061240929fd6dc0", "fecha": "18/11/2023", "hora": "11:01:14", "latitud": -28.992, "longitud": -67.876, "profundidad": 11.0, "magnitud": 3.8, "sentido": "Si", "ubicacion_original": "LA RIOJA", "ubicacion_normalizada": "La Rioja", "provincia": "La Rioja", "provincias": ["La Rioja"], "pais": "Argentina", "tipo_ubicacion": "provincia", "es_argentina": true, "es_limite": false}}, {"type": "Feature", "id": "fa441cd6c3a7e4b4", "geometry": {"type": "Point", "coordinates": [-68.447, -31.708]}, "properties": {"id": "fa441cd6c3a7e4b4", "fecha": "07/05/2021", "hora": "16:30:16", "latitud": -31.708, "longitud": -68.447, "profundidad": 6.0, "magnitud": 3.1, "sentido": "Si", "ubicacion_original": "SAN JUAN", "ubicacion_normalizada": "San Juan", "provincia": "San Juan", "provincias": ["San Juan"], "pais": "Argentina", "tipo_ubicacion": "provincia", "es_argentina": true, "es_limite": false}}, {"type": "Feature", "id": "01a03cca386f414e", "geometry": {"type": "Point", "coordinates": [-64.699, -31.455]}, "properties": {"id": "01a03cca386f414e", "fecha": "29/01/2021", "hora": "06:43:10", "latitud": -31.455, "longitud": -64.699, "profundidad": 21.0, "magnitud": 4.3, "sentido": "Si", "ubicacion_original": "CORDOBA", "ubicacion_normalizada": "Córdoba", "provincia": "Córdoba", "provincias": ["Córdoba"], "pais": "Argentina", "tipo_ubicacion": "provincia", "es_argentina": true, "es_limite": false}}, {"type": "Feature", "id": "3a7cb5441185215a", "geometry": {"type": "Point", "coordinates": [-68.016, -33.049]}, "properties": {"id": "3a7cb5441185215a", "fecha": "12/03/2023", "hora": "19:53:46", "latitud": -33.049, "longitud": -68.016, "profundidad": 9.0, "magnitud": 3.0, "sentido": "Si", "ubicacion_original": "MENDOZA", "ubicacion_normalizada": "Mendoza", "provincia": "Mendoza", "provincias": ["Mendoza"], "pais": "Argentina", "tipo_ubicacion": "provincia", "es_argentina": true, "es_limite": false}}, {"type": "Feature", "id": "02ac9b6daa6bfd6a", "geometry": {"type": "Point", "coordinates": [-65.749, -28.198]}, "properties": {"id": "02ac9b6daa6bfd6a", "fecha": "07/04/2022", "hora": "23:07:13", "latitud": -28.198, "longitud": -65.749, "profundidad": 9.0, "magnitud": 2.6, "sentido": "Si", "ubicacion_original": "CATAMARCA", "ubicacion_normalizada": "Catamarca", "provincia": "Catamarca", "provincias": ["Catamarca"], "pais": "Argentina", "tipo_ubicacion": "provincia", "es_argentina": true, "es_limite": false}}, {"type": "Feature", "id": "cadd65cdacd1112e", "geometry": {"type": "Point", "coordinates": [-68.502, -38.549]}, "properties": {"id": "cadd65cdacd1112e", "fecha": "06/06/2020", "hora": "04:00:22", "latitud": -38.549, "longitud": -68.502, "profundidad": 4.0, "magnitud": 3.8, "sentido": "Si", "ubicacion_original": "NEUQUEN", "ubicacion_normalizada": "Neuquén", "provincia": "Neuquén", "provincias": ["Neuquén"], "pais": "Argentina", "tipo_ubicacion": "provincia", "es_argentina": true, "es_limite": false}}, {"type": "Feature", "id": "5b669a5631388835", "geometry": {"type": "Point", "coordinates": [-68.931, -32.829]}, "properties": {"id": "5b669a5631388835", "fecha": "12/04/2023", "hora": "18:13:43", "latitud": -32.829, "longitud": -68.931, "profundidad": 7.0, "magnitud": 2.7, "sentido": "Si", "ubicacion_original": "MENDOZA", "ubicacion_normalizada": "Mendoza", "provincia": "Mendoza", "provincias": ["Mendoza"], "pais": "Argentina", "tipo_ubicacion": "provincia", "es_argentina": true, "es_limite": false}}, {"type": "Feature", "id": "7ce73daffc184c44", "geometry": {"type": "Point", "coordinates": [-65.039, -28.16]}, "properties": {"id": "7ce73daffc184c44", "fecha": "14/11/2022", "hora": "00:20:57", "latitud": -28.16, "longitud": -65.039, "profundidad": 14.0, "magnitud": 2.7, "sentido": "Si", "ubicacion_original": "SANTIAGO DEL ESTERO", "ubicacion_normalizada": "Santiago del Estero", "provincia": "Santiago del Estero", "provincias": ["Santiago del Estero"], "pais": "Argentina", "tipo_ubicacion": "provincia", "es_argentina": true, "es_limite": false}}, {"type": "Feature", "id": "06ee025dedafb4f9", "geometry": {"type": "Point", "coordinates": [-65.104, -25.193]}, "properties": {"id": "06ee025dedafb4f9", "fecha": "27/05/2022", "hora": "11:18:23", "latitud": -25.193, "longitud": -65.104, "profundidad": 14.0, "magnitud": 3.4, "sentido": "Si", "ubicacion_original": "SALTA", "ubicacion_normalizada": "Salta", "provincia": "Salta", "provincias": ["Salta"], "pais": "Argentina", "tipo_ubicacion": "provincia", "es_argentina": true, "es_limite": false}}, {"type": "Feature", "id": "d7ae936bc24ea2d4", "geometry": {"type": "Point", "coordinates": [-64.693, -31.426]}, "properties": {"id": "d7ae936bc24ea2d4", "fecha": "16/04/2021", "hora": "00:21:55", "latitud": -31.426, "longitud": -64.693, "profundidad": 13.0, "magnitud": 2.7, "sentido": "Si", "ubicacion_original": "CORDOBA", "ubicacion_normalizada": "Córdoba", "provincia": "Córdoba", "provincias": ["Córdoba"], "pais": "Argentina", "tipo_ubicacion": "provincia", "es_argentina": true, "es_limite": false}}, {"type": "Feature", "id": "b09984f3e515a3f4", "geometry": {"type": "Point", "coordinates": [-66.701, -53.62]}, "properties": {"id": "b09984f3e515a3f4", "fecha": "02/04/2023", "hora": "08:54:49", "latitud": -53.62, "longitud": -66.701, "profundidad": 16.0, "magnitud": 4.3, "sentido": "Si", "ubicacion_original": "MAR ARGENTINO", "ubicacion_normalizada": "Océano Atlántico Sur", "provincia": null, "provincias": [], "pais": "Océano Atlántico", "tipo_ubicacion": "oceano", "es_argentina": true, "es_limite": false}}, {"type": "Feature", "id": "79f9feb0ccc0cfbf", "geometry": {"type": "Point", "coordinates": [-68.86, -38.292]}, "properties": {"id": "79f9feb0ccc0cfbf", "fecha": "03/04/2025", "hora": "09:23:00", "latitud": -38.292, "longitud": -68.86, "profundidad": 6.0, "magnitud": 3.4, "sentido": "Si", "ubicacion_original": "NEUQUEN", "ubicacion_normalizada": "Neuquén", "provincia": "Neuquén", "provincias": ["Neuquén"], "pais": "Argentina", "tipo_ubicacion": "provincia", "es_argentina": true, "es_limite": false}}, {"type": "Feature", "id": "6e8567dafac4ae87", "geometry": {"type": "Point", "coordinates": [-66.38, -31.493]}, "properties": {"id": "6e8567dafac4ae87", "fecha": "28/10/2025", "hora": "05:42:19", "latitud": -31.493, "longitud": -66.38, "profundidad": 146.0, "magnitud": 4.7, "sentido": "Si", "ubicacion_original": "LA RIOJA", "ubicacion_normalizada": "La Rioja", "provincia": "La Rioja", "provincias": ["La Rioja"], "pais": "Argentina", "tipo_ubicacion": "provincia", "es_argentina": true, "es_limite": false}}, {"type": "Feature", "id": "8db437d4dd5160c1", "geometry": {"type": "Point", "coordinates": [-71.328, -31.869]}, "properties": {"id": "8db437d4dd5160c1", "fecha": "03/09/2026", "hora": "18:18:00", "latitud": -31.869, "longitud": -71.328, "profundidad": 85.0, "magnitud": 5.1, "sentido": "Si", "ubicacion_original": "CHILE", "ubicacion_normalizada": "Chile", "provincia": null, "provincias": [], "pais": "Chile", "tipo_ubicacion": "extranjero", "es_argentina": false, "es_limite": false}}, {"type": "Feature", "id": "00c8cbe6b86177fd", "geometry": {"type": "Point", "coordinates": [-65.953, -28.152]}, "properties": {"id": "00c8cbe6b86177fd", "fecha": "25/06/2014", "hora": "07:45:28", "latitud": -28.152, "longitud": -65.953, "profundidad": 18.0, "magnitud": 4.4, "sentido": "Si", "ubicacion_original": "CATAMARCA", "ubicacion_normalizada": "Catamarca", "provincia": "Catamarca", "provincias": ["Catamarca"], "pais": "Argentina", "tipo_ubicacion": "provincia", "es_argentina": true, "es_limite": false}}, {"type": "Feature", "id": "f1f65383480d3747", "geometry": {"type": "Point", "coordinates": [-66.005, -27.6]}, "properties": {"id": "f1f65383480d3747", "fecha": "12/03/2026", "hora": "23:15:00", "latitud": -27.6, "longitud": -66.005, "profundidad": 11.0, "magnitud": 2.7, "sentido": "Si", "ubicacion_original": "CATAMARCA", "ubicacion_normalizada": "Catamarca", "provincia": "Catamarca", "provincias": ["Catamarca"], "pais": "Argentina", "tipo_ubicacion": "provincia", "es_argentina": true, "es_limite": false}}, {"type": "Feature", "id": "d3f6e5b86aceeffe", "geometry": {"type": "Point", "coordinates": [-68.967, -31.565]}, "properties": {"id": "d3f6e5b86aceeffe", "fecha": "18/12/2024", "hora": "06:52:00", "latitud": -31.565, "longitud": -68.967, "profundidad": 106.0, "magnitud": 4.6, "sentido": "Si", "ubicacion_original": "SAN JUAN", "ubicacion_normalizada": "San Juan", "provincia": "San Juan", "provincias": ["San Juan"], "pais": "Argentina", "tipo_ubicacion": "provincia", "es_argentina": true, "es_limite": false}}, {"type": "Feature", "id": "f5e82dafffd074d1", "geometry": {"type": "Point", "coordinates": [-71.757, -29.635]}, "properties": {"id": "f5e82dafffd074d1", "fecha": "28/08/2018", "hora": "01:51:34", "latitud": -29.635, "longitud": -71.757, "profundidad": 6.0, "magnitud": 5.4, "sentido": "Si", "ubicacion_original": "CHILE", "ubicacion_normalizada": "Chile", "provincia": null, "provincias": [], "pais": "Chile", "tipo_ubicacion": "extranjero", "es_argentina": false, "es_limite": false}}, {"type": "Feature", "id": "1ab56a4f5cdd05e3", "geometry": {"type": "Point", "coordinates": [-72.364, -29.374]}, "properties": {"id": "1ab56a4f5cdd05e3", "fecha": "10/11/2015", "hora": "23:23:36", "latitud": -29.374, "longitud": -72.364, "profundidad": 24.0, "magnitud": 5.4, "sentido": "Si", "ubicacion_original": "OCEANO PACIFICO", "ubicacion_normalizada": "Océano Pacífico", "provincia": null, "provincias": [], "pais": "Océano Pacífico", "tipo_ubicacion": "oceano", "es_argentina": false, "es_limite": false}}, {"type": "Feature", "id": "c8de2b7b5187c126", "geometry": {"type": "Point", "coordinates": [-71.55, -30.1]}, "properties": {"id": "c8de2b7b5187c126", "fecha": "14/06/2016", "hora": "08:43:22", "latitud": -30.1, "longitud": -71.55, "profundidad": 40.0, "magnitud": 4.5, "sentido": "No", "ubicacion_original": "CHILE", "ubicacion_normalizada": "Chile", "provincia": null, "provincias": [], "pais": "Chile", "tipo_ubicacion": "extranjero", "es_argentina": false, "es_limite": false}}, {"type": "Feature", "id": "d21dc61a7380cc17", "geometry": {"type": "Point", "coordinates": [-70.99, -25.863]}, "properties": {"id": "d21dc61a7380cc17", "fecha": "01/04/2020", "hora": "23:30:39", "latitud": -25.863, "longitud": -70.99, "profundidad": 40.0, "magnitud": 4.8, "sentido": "No", "ubicacion_original": "OCEANO PACIFICO", "ubicacion_normalizada": "Océano Pacífico", "provincia": null, "provincias": [], "pais": "Océano Pacífico", "tipo_ubicacion": "oceano", "es_argentina": false, "es_limite": false}}, {"type": "Feature", "id": "a7a1158a365bbbdc", "geometry": {"type": "Point", "coordinates": [-71.84, -32.148]}, "properties": {"id": "a7a1158a365bbbdc", "fecha": "25/04/2016", "hora": "11:01:47", "latitud": -32.148, "longitud": -71.84, "profundidad": 39.0, "magnitud": 4.7, "sentido": "No", "ubicacion_original": "CHILE", "ubicacion_normalizada": "Chile", "provincia": null, "provincias": [], "pais": "Chile", "tipo_ubicacion": "extranjero", "es_argentina": false, "es_limite": false}}, {"type": "Feature", "id": "8147d7c5b8ad6bfe", "geometry": {"type": "Point", "coordinates": [-68.63, -22.43]}, "properties": {"id": "8147d7c5b8ad6bfe", "fecha": "31/10/2016", "hora": "02:44:30", "latitud": -22.43, "longitud": -68.63, "profundidad": 105.0, "magnitud": 5.1, "sentido": "No", "ubicacion_original": "CHILE", "ubicacion_normalizada": "Chile", "provincia": null, "provincias": [], "pais": "Chile", "tipo_ubicacion": "extranjero", "es_argentina": false, "es_limite": false}}, {"type": "Feature", "id": "fa3bab0204bd2e4a", "geometry": {"type": "Point", "coordinates": [174.99, -39.0]}, "properties": {"id": "fa3bab0204bd2e4a", "fecha": "29/10/2018", "hora": "23:13:39", "latitud": -39.0, "longitud": 174.99, "profundidad": 225.0, "magnitud": 5.7, "sentido": "No", "ubicacion_original": "NORTH ISLAND, NEW ZEALAND", "ubicacion_normalizada": "Nueva Zelanda", "provincia": null, "provincias": [], "pais": "Nueva Zelanda", "tipo_ubicacion": "extranjero", "es_argentina": false, "es_limite": false}}, {"type": "Feature", "id": "8c179f74fc580e8d", "geometry": {"type": "Point", "coordinates": [-68.584, -29.703]}, "properties": {"id": "8c179f74fc580e8d", "fecha": "13/12/2012", "hora": "15:13:21", "latitud": -29.703, "longitud": -68.584, "profundidad": 106.0, "magnitud": 2.6, "sentido": "No", "ubicacion_original": "SAN JUAN LIM. LA RIOJA", "ubicacion_normalizada": "Límite San Juan - La Rioja", "provincia": "San Juan", "provincias": ["San Juan", "La Rioja"], "pais": "Argentina", "tipo_ubicacion": "limite_interprovincial", "es_argentina": true, "es_limite": true}}, {"type": "Feature", "id": "c3793f90e1b4ae21", "geometry": {"type": "Point", "coordinates": [-66.937, -21.183]}, "properties": {"id": "c3793f90e1b4ae21", "fecha": "07/08/2024", "hora": "22:31:52", "latitud": -21.183, "longitud": -66.937, "profundidad": 220.0, "magnitud": 5.2, "sentido": "Si", "ubicacion_original": "BOLIVIA", "ubicacion_normalizada": "Bolivia", "provincia": null, "provincias": [], "pais": "Bolivia", "tipo_ubicacion": "extranjero", "es_argentina": false, "es_limite": false}}, {"type": "Feature", "id": "6083aa4ad9a3fef4", "geometry": {"type": "Point", "coordinates": [-71.14, -30.99]}, "properties": {"id": "6083aa4ad9a3fef4", "fecha": "16/09/2015", "hora": "20:09:12", "latitud": -30.99, "longitud": -71.14, "profundidad": 10.0, "magnitud": 5.8, "sentido": "Si", "ubicacion_original": "CHILE", "ubicacion_normalizada": "Chile", "provincia": null, "provincias": [], "pais": "Chile", "tipo_ubicacion": "extranjero", "es_argentina": false, "es_limite": false}}, {"type": "Feature", "id": "ac1cd7d76422e794", "geometry": {"type": "Point", "coordinates": [-70.775, -28.119]}, "properties": {"id": "ac1cd7d76422e794", "fecha": "16/07/2025", "hora": "09:42:00", "latitud": -28.119, "longitud": -70.775, "profundidad": 56.0, "magnitud": 4.9, "sentido": "Si", "ubicacion_original": "CHILE", "ubicacion_normalizada": "Chile", "provincia": null, "provincias": [], "pais": "Chile", "tipo_ubicacion": "extranjero", "es_argentina": false, "es_limite": false}}, {"type": "Feature", "id": "8413360b8fab8400", "geometry": {"type": "Point", "coordinates": [-72.55, -34.88]}, "properties": {"id": "8413360b8fab8400", "fecha": "30/08/2016", "hora": "05:09:07", "latitud": -34.88, "longitud": -72.55, "profundidad": 10.0, "magnitud": 5.2, "sentido": "No", "ubicacion_original": "CHILE", "ubicacion_normalizada": "Chile", "provincia": null, "provincias": [], "pais": "Chile", "tipo_ubicacion": "extranjero", "es_argentina": false, "es_limite": false}}, {"type": "Feature", "id": "7f611f768c3b25a1", "geometry": {"type": "Point", "coordinates": [-67.783, -31.487]}, "properties": {"id": "7f611f768c3b25a1", "fecha": "02/10/2011", "hora": "08:23:54", "latitud": -31.487, "longitud": -67.783, "profundidad": 10.0, "magnitud": 2.6, "sentido": "No", "ubicacion_original": NaN, "ubicacion_normalizada": "Desconocido", "provincia": null, "provincias": [], "pais": "Desconocido", "tipo_ubicacion": "desconocido", "es_argentina": false, "es_limite": false}}, {"type": "Feature", "id": "996a9b51adfc887c", "geometry": {"type": "Point", "coordinates": [-69.83, -32.35]}, "properties": {"id": "996a9b51adfc887c", "fecha": "14/02/2012", "hora": "02:22:09", "latitud": -32.35, "longitud": -69.83, "profundidad": 107.0, "magnitud": 2.8, "sentido": "No", "ubicacion_original": NaN, "ubicacion_normalizada": "Desconocido", "provincia": null, "provincias": [], "pais": "Desconocido", "tipo_ubicacion": "desconocido", "es_argentina": false, "es_limite": false}}, {"type": "Feature", "id": "acb392fe92e5485d", "geometry": {"type": "Point", "coordinates": [-66.112, -27.398]}, "properties": {"id": "acb392fe92e5485d", "fecha": "18/07/2012", "hora": "16:53:58", "latitud": -27.398, "longitud": -66.112, "profundidad": 135.0, "magnitud": 2.6, "sentido": "No", "ubicacion_original": "CATAMARCA LIM. TUCUMAN", "ubicacion_normalizada": "Límite Catamarca - Tucumán", "provincia": "Catamarca", "provincias": ["Catamarca", "Tucumán"], "pais": "Argentina", "tipo_ubicacion": "limite_interprovincial", "es_argentina": true, "es_limite": true}}, {"type": "Feature", "id": "aaba7a91544e7d0b", "geometry": {"type": "Point", "coordinates": [-75.324, -36.752]}, "properties": {"id": "aaba7a91544e7d0b", "fecha": "27/02/2022", "hora": "22:15:03", "latitud": -36.752, "longitud": -75.324, "profundidad": 10.0, "magnitud": 5.9, "sentido": "Si", "ubicacion_original": "OCEANO PACIFICO", "ubicacion_normalizada": "Océano Pacífico", "provincia": null, "provincias": [], "pais": "Océano Pacífico", "tipo_ubicacion": "oceano", "es_argentina": false, "es_limite": false}}, {"type": "Feature", "id": "10fd6481d11e78f7", "geometry": {"type": "Point", "coordinates": [-64.177, -23.754]}, "properties": {"id": "10fd6481d11e78f7", "fecha": "27/09/2012", "hora": "07:44:07", "latitud": -23.754, "longitud": -64.177, "profundidad": 18.0, "magnitud": 3.0, "sentido": "No", "ubicacion_original": "LIMITE JUJUY-SALTA", "ubicacion_normalizada": "Límite Salta - Jujuy", "provincia": "Salta", "provincias": ["Salta", "Jujuy"], "pais": "Argentina", "tipo_ubicacion": "limite_interprovincial", "es_argentina": true, "es_limite": true}}, {"type": "Feature", "id": "92cbacfb70cc9f5f", "geometry": {"type": "Point", "coordinates": [-71.518, -30.228]}, "properties": {"id": "92cbacfb70cc9f5f", "fecha": "07/10/2015", "hora": "05:00:40", "latitud": -30.228, "longitud": -71.518, "profundidad": 60.0, "magnitud": 5.1, "sentido": "No", "ubicacion_original": "CHILE", "ubicacion_normalizada": "Chile", "provincia": null, "provincias": [], "pais": "Chile", "tipo_ubicacion": "extranjero", "es_argentina": false, "es_limite": false}}, {"type": "Feature", "id": "ca1aa550824bec32", "geometry": {"type": "Point", "coordinates": [-71.939, -28.683]}, "properties": {"id": "ca1aa550824bec32", "fecha": "08/07/2021", "hora": "17:38:28", "latitud": -28.683, "longitud": -71.939, "profundidad": 14.0, "magnitud": 5.5, "sentido": "Si", "ubicacion_original": "OCEANO PACIFICO", "ubicacion_normalizada": "Océano Pacífico", "provincia": null, "provincias": [], "pais": "Océano Pacífico", "tipo_ubicacion": "oceano", "es_argentina": false, "es_limite": false}}, {"type": "Feature", "id": "85d8d4cf8b606084", "geometry": {"type": "Point", "coordinates": [-71.065, -32.233]}, "properties": {"id": "85d8d4cf8b606084", "fecha": "26/11/2017", "hora": "19:15:12", "latitud": -32.233, "longitud": -71.065, "profundidad": 66.0, "magnitud": 5.0, "sentido": "Si", "ubicacion_original": "CHILE", "ubicacion_normalizada": "Chile", "provincia": null, "provincias": [], "pais": "Chile", "tipo_ubicacion": "extranjero", "es_argentina": false, "es_limite": false}}, {"type": "Feature", "id": "f743124b37db1fd1", "geometry": {"type": "Point", "coordinates": [-74.398, -38.154]}, "properties": {"id": "f743124b37db1fd1", "fecha": "24/12/2023", "hora": "00:32:43", "latitud": -38.154, "longitud": -74.398, "profundidad": 10.0, "magnitud": 4.9, "sentido": "No", "ubicacion_original": "OCEANO PACIFICO", "ubicacion_normalizada": "Océano Pacífico", "provincia": null, "provincias": [], "pais": "Océano Pacífico", "tipo_ubicacion": "oceano", "es_argentina": false, "es_limite": false}}, {"type": "Feature", "id": "62f5c507b1995f2c", "geometry": {"type": "Point", "coordinates": [-71.831, -27.95]}, "properties": {"id": "62f5c507b1995f2c", "fecha": "05/09/2020", "hora": "03:39:38", "latitud": -27.95, "longitud": -71.831, "profundidad": 20.0, "magnitud": 5.1, "sentido": "No", "ubicacion_original": "OCEANO PACIFICO", "ubicacion_normalizada": "Océano Pacífico", "provincia": null, "provincias": [], "pais": "Océano Pacífico", "tipo_ubicacion": "oceano", "es_argentina": false, "es_limite": false}}, {"type": "Feature", "id": "e6972cee24568e5c", "geometry": {"type": "Point", "coordinates": [-74.308, -38.195]}, "properties": {"id": "e6972cee24568e5c", "fecha": "02/06/2018", "hora": "03:17:12", "latitud": -38.195, "longitud": -74.308, "profundidad": 18.0, "magnitud": 5.2, "sentido": "No", "ubicacion_original": "OCEANO PACIFICO", "ubicacion_normalizada": "Océano Pacífico", "provincia": null, "provincias": [], "pais": "Océano Pacífico", "tipo_ubicacion": "oceano", "es_argentina": false, "es_limite": false}}, {"type": "Feature", "id": "afad6506329f54f7", "geometry": {"type": "Point", "coordinates": [-71.461, -35.558]}, "properties": {"id": "afad6506329f54f7", "fecha": "27/04/2023", "hora": "03:07:13", "latitud": -35.558, "longitud": -71.461, "profundidad": 93.0, "magnitud": 4.7, "sentido": "No", "ubicacion_original": "CHILE", "ubicacion_normalizada": "Chile", "provincia": null, "provincias": [], "pais": "Chile", "tipo_ubicacion": "extranjero", "es_argentina": false, "es_limite": false}}, {"type": "Feature", "id": "e9bd14ef3c33baec", "geometry": {"type": "Point", "coordinates": [-69.323, -20.208]}, "properties": {"id": "e9bd14ef3c33baec", "fecha": "15/03/2025", "hora": "22:27:00", "latitud": -20.208, "longitud": -69.323, "profundidad": 105.0, "magnitud": 5.1, "sentido": "No", "ubicacion_original": "CHILE", "ubicacion_normalizada": "Chile", "provincia": null, "provincias": [], "pais": "Chile", "tipo_ubicacion": "extranjero", "es_argentina": false, "es_limite": false}}, {"type": "Feature", "id": "3bde38852b1d3cbe", "geometry": {"type": "Point", "coordinates": [-69.563, -32.099]}, "properties": {"id": "3bde38852b1d3cbe", "fecha": "27/08/2011", "hora": "23:03:12", "latitud": -32.099, "longitud": -69.563, "profundidad": 107.0, "magnitud": 2.6, "sentido": "No", "ubicacion_original": "SAN JUAN(LIM.CON MENDOZA)", "ubicacion_normalizada": "Límite San Juan - Mendoza", "provincia": "San Juan", "provincias": ["San Juan", "Mendoza"], "pais": "Argentina", "tipo_ubicacion": "limite_interprovincial", "es_argentina": true, "es_limite": true}}, {"type": "Feature", "id": "31d0db5dc043ead1", "geometry": {"type": "Point", "coordinates": [-66.002, -27.004]}, "properties": {"id": "31d0db5dc043ead1", "fecha": "14/07/2012", "hora": "03:11:40", "latitud": -27.004, "longitud": -66.002, "profundidad": 17.0, "magnitud": 3.7, "sentido": "No", "ubicacion_original": "CATAMARCA LIM. TUCUMAN", "ubicacion_normalizada": "Límite Catamarca - Tucumán", "provincia": "Catamarca", "provincias": ["Catamarca", "Tucumán"], "pais": "Argentina", "tipo_ubicacion": "limite_interprovincial", "es_argentina": true, "es_limite": true}}, {"type": "Feature", "id": "39da4b0623a29f5f", "geometry": {"type": "Point", "coordinates": [-67.073, -24.292]}, "properties": {"id": "39da4b0623a29f5f", "fecha": "06/01/2012", "hora": "19:21:33", "latitud": -24.292, "longitud": -67.073, "profundidad": 190.0, "magnitud": 3.1, "sentido": "No", "ubicacion_original": NaN, "ubicacion_normalizada": "Desconocido", "provincia": null, "provincias": [], "pais": "Desconocido", "tipo_ubicacion": "desconocido", "es_argentina": false, "es_limite": false}}, {"type": "Feature", "id": "6d804860ab682d50", "geometry": {"type": "Point", "coordinates": [-66.536, -25.83]}, "properties": {"id": "6d804860ab682d50", "fecha": "26/09/2026", "hora": "22:27:00", "latitud": -25.83, "longitud": -66.536, "profundidad": 8.0, "magnitud": 2.8, "sentido": "No", "ubicacion_original": "SALTA", "ubicacion_normalizada": "Salta", "provincia": "Salta", "provincias": ["Salta"], "pais": "Argentina", "tipo_ubicacion": "provincia", "es_argentina": true, "es_limite": false}}, {"type": "Feature", "id": "5ae9778d52fed5da", "geometry": {"type": "Point", "coordinates": [-68.763, -30.669]}, "properties": {"id": "5ae9778d52fed5da", "fecha": "02/10/2026", "hora": "10:44:00", "latitud": -30.669, "longitud": -68.763, "profundidad": 110.0, "magnitud": 2.9, "sentido": "No", "ubicacion_original": "SAN JUAN", "ubicacion_normalizada": "San Juan", "provincia": "San Juan", "provincias": ["San Juan"], "pais": "Argentina", "tipo_ubicacion": "provincia", "es_argentina": true, "es_limite": false}}, {"type": "Feature", "id": "7daceb996b28b01f", "geometry": {"type": "Point", "coordinates": [-66.749, -25.938]}, "properties": {"id": "7daceb996b28b01f", "fecha": "01/10/2026", "hora": "03:03:00", "latitud": -25.938, "longitud": -66.749, "profundidad": 7.0, "magnitud": 2.6, "sentido": "No", "ubicacion_original": "SALTA", "ubicacion_normalizada": "Salta", "provincia": "Salta", "provincias": ["Salta"], "pais": "Argentina", "tipo_ubicacion": "provincia", "es_argentina": true, "es_limite": false}}, {"type": "Feature", "id": "275b5e17fd40a97a", "geometry": {"type": "Point", "coordinates": [-64.559, -30.815]}, "properties": {"id": "275b5e17fd40a97a", "fecha": "22/09/2026", "hora": "03:25:00", "latitud": -30.815, "longitud": -64.559, "profundidad": 24.0, "magnitud": 2.9, "sentido": "Si", "ubicacion_original": "CORDOBA", "ubicacion_normalizada": "Córdoba", "provincia": "Córdoba", "provincias": ["Córdoba"], "pais": "Argentina", "tipo_ubicacion": "provincia", "es_argentina": true, "es_limite": false}}, {"type": "Feature", "id": "b821a32f2af3cbc6", "geometry": {"type": "Point", "coordinates": [-67.045, -31.627]}, "properties": {"id": "b821a32f2af3cbc6", "fecha": "23/09/2026", "hora": "20:20:00", "latitud": -31.627, "longitud": -67.045, "profundidad": 118.0, "magnitud": 2.8, "sentido": "No", "ubicacion_original": "SAN JUAN", "ubicacion_normalizada": "San Juan", "provincia": "San Juan", "provincias": ["San Juan"], "pais": "Argentina", "tipo_ubicacion": "provincia", "es_argentina": true, "es_limite": false}}, {"type": "Feature", "id": "f9305a7d9f857b9b", "geometry": {"type": "Point", "coordinates": [-66.661, -25.955]}, "properties": {"id": "f9305a7d9f857b9b", "fecha": "25/09/2026", "hora": "08:33:00", "latitud": -25.955, "longitud": -66.661, "profundidad": 8.0, "magnitud": 3.2, "sentido": "No", "ubicacion_original": "SALTA", "ubicacion_normalizada": "Salta", "provincia": "Salta", "provincias": ["Salta"], "pais": "Argentina", "tipo_ubicacion": "provincia", "es_argentina": true, "es_limite": false}}, {"type": "Feature", "id": "ef80bf6d0230e477", "geometry": {"type": "Point", "coordinates": [-70.115, -31.761]}, "properties": {"id": "ef80bf6d0230e477", "fecha": "28/09/2026", "hora": "08:14:00", "latitud": -31.761, "longitud": -70.115, "profundidad": 118.0, "magnitud": 3.2, "sentido": "No", "ubicacion_original": "SAN JUAN", "ubicacion_normalizada": "San Juan", "provincia": "San Juan", "provincias": ["San Juan"], "pais": "Argentina", "tipo_ubicacion": "provincia", "es_argentina": true, "es_limite": false}}, {"type": "Feature", "id": "45627be7144736f8", "geometry": {"type": "Point", "coordinates": [-66.684, -25.968]}, "properties": {"id": "45627be7144736f8", "fecha": "21/09/2026", "hora": "11:25:00", "latitud": -25.968, "longitud": -66.684, "profundidad": 5.0, "magnitud": 3.4, "sentido": "No", "ubicacion_original": "SALTA", "ubicacion_normalizada": "Salta", "provincia": "Salta", "provincias": ["Salta"], "pais": "Argentina", "tipo_ubicacion": "provincia", "es_argentina": true, "es_limite": false}}, {"type": "Feature", "id": "95103c6268bba2c2", "geometry": {"type": "Point", "coordinates": [-69.408, -31.702]}, "properties": {"id": "95103c6268bba2c2", "fecha": "21/09/2026", "hora": "07:29:00", "latitud": -31.702, "longitud": -69.408, "profundidad": 110.0, "magnitud": 2.6, "sentido": "No", "ubicacion_original": "SAN JUAN", "ubicacion_normalizada": "San Juan", "provincia": "San Juan", "provincias": ["San Juan"], "pais": "Argentina", "tipo_ubicacion": "provincia", "es_argentina": true, "es_limite": false}}, {"type": "Feature", "id": "9548079573e25032", "geometry": {"type": "Point", "coordinates": [-69.043, -37.927]}, "properties": {"id": "9548079573e25032", "fecha": "29/09/2026", "hora": "23:05:00", "latitud": -37.927, "longitud": -69.043, "profundidad": 10.0, "magnitud": 2.8, "sentido": "No", "ubicacion_original": "NEUQUEN", "ubicacion_normalizada": "Neuquén", "provincia": "Neuquén", "provincias": ["Neuquén"], "pais": "Argentina", "tipo_ubicacion": "provincia", "es_argentina": true, "es_limite": false}}, {"type": "Feature", "id": "6e8e2a9be4a596fa", "geometry": {"type": "Point", "coordinates": [-68.606, -31.27]}, "properties": {"id": "6e8e2a9be4a596fa", "fecha": "28/09/2026", "hora": "11:06:00", "latitud": -31.27, "longitud": -68.606, "profundidad": 104.0, "magnitud": 2.6, "sentido": "No", "ubicacion_original": "SAN JUAN", "ubicacion_normalizada": "San Juan", "provincia": "San Juan", "provincias": ["San Juan"], "pais": "Argentina", "tipo_ubicacion": "provincia", "es_argentina": true, "es_limite": false}}, {"type": "Feature", "id": "f85257baf5de417b", "geometry": {"type": "Point", "coordinates": [-66.776, -26.006]}, "properties": {"id": "f85257baf5de417b", "fecha": "21/09/2026", "hora": "00:27:00", "latitud": -26.006, "longitud": -66.776, "profundidad": 6.0, "magnitud": 2.5, "sentido": "No", "ubicacion_original": "CATAMARCA", "ubicacion_normalizada": "Catamarca", "provincia": "Catamarca", "provincias": ["Catamarca"], "pais": "Argentina", "tipo_ubicacion": "provincia", "es_argentina": true, "es_limite": false}}, {"type": "Feature", "id": "e56f851181d57297", "geometry": {"type": "Point", "coordinates": [-66.671, -25.952]}, "properties": {"id": "e56f851181d57297", "fecha": "21/09/2026", "hora": "13:10:00", "latitud": -25.952, "longitud": -66.671, "profundidad": 5.0, "magnitud": 2.8, "sentido": "No", "ubicacion_original": "SALTA", "ubicacion_normalizada": "Salta", "provincia": "Salta", "provincias": ["Salta"], "pais": "Argentina", "tipo_ubicacion": "provincia", "es_argentina": true, "es_limite": false}}, {"type": "Feature", "id": "31c6147689f514da", "geometry": {"type": "Point", "coordinates": [-66.59, -25.833]}, "properties": {"id": "31c6147689f514da", "fecha": "27/09/2026", "hora": "16:06:00", "latitud": -25.833, "longitud": -66.59, "profundidad": 8.0, "magnitud": 3.1, "sentido": "No", "ubicacion_original": "SALTA", "ubicacion_normalizada": "Salta", "provincia": "Salta", "provincias": ["Salta"], "pais": "Argentina", "tipo_ubicacion": "provincia", "es_argentina": true, "es_limite": false}}, {"type": "Feature", "id": "a15b30903cb2efe7", "geometry": {"type": "Point", "coordinates": [-66.576, -25.925]}, "properties": {"id": "a15b30903cb2efe7", "fecha": "20/09/2026", "hora": "23:25:00", "latitud": -25.925, "longitud": -66.576, "profundidad": 20.0, "magnitud": 2.8, "sentido": "No", "ubicacion_original": "SALTA", "ubicacion_normalizada": "Salta", "provincia": "Salta", "provincias": ["Salta"], "pais": "Argentina", "tipo_ubicacion": "provincia", "es_argentina": true, "es_limite": false}}, {"type": "Feature", "id": "ad5c8cbfdb1486bc", "geometry": {"type": "Point", "coordinates": [-66.734, -25.945]}, "properties": {"id": "ad5c8cbfdb1486bc", "fecha": "21/09/2026", "hora": "04:02:00", "latitud": -25.945, "longitud": -66.734, "profundidad": 6.0, "magnitud": 3.4, "sentido": "No", "ubicacion_original": "SALTA", "ubicacion_normalizada": "Salta", "provincia": "Salta", "provincias": ["Salta"], "pais": "Argentina", "tipo_ubicacion": "provincia", "es_argentina": true, "es_limite": false}}, {"type": "Feature", "id": "e05d61728e6a4108", "geometry": {"type": "Point", "coordinates": [-66.689, -25.91]}, "properties": {"id": "e05d61728e6a4108", "fecha": "29/09/2026", "hora": "02:50:00", "latitud": -25.91, "longitud": -66.689, "profundidad": 10.0, "magnitud": 3.0, "sentido": "No", "ubicacion_original": "SALTA", "ubicacion_normalizada": "Salta", "provincia": "Salta", "provincias": ["Salta"], "pais": "Argentina", "tipo_ubicacion": "provincia", "es_argentina": true, "es_limite": false}}, {"type": "Feature", "id": "d211f3ae29980c32", "geometry": {"type": "Point", "coordinates": [-67.566, -28.389]}, "properties": {"id": "d211f3ae29980c32", "fecha": "22/09/2026", "hora": "14:18:00", "latitud": -28.389, "longitud": -67.566, "profundidad": 124.0, "magnitud": 2.5, "sentido": "No", "ubicacion_original": "LA RIOJA", "ubicacion_normalizada": "La Rioja", "provincia": "La Rioja", "provincias": ["La Rioja"], "pais": "Argentina", "tipo_ubicacion": "provincia", "es_argentina": true, "es_limite": false}}, {"type": "Feature", "id": "fc542b0332bbb429", "geometry": {"type": "Point", "coordinates": [-69.428, -32.179]}, "properties": {"id": "fc542b0332bbb429", "fecha": "27/09/2026", "hora": "14:45:00", "latitud": -32.179, "longitud": -69.428, "profundidad": 120.0, "magnitud": 2.5, "sentido": "No", "ubicacion_original": "MENDOZA", "ubicacion_normalizada": "Mendoza", "provincia": "Mendoza", "provincias": ["Mendoza"], "pais": "Argentina", "tipo_ubicacion": "provincia", "es_argentina": true, "es_limite": false}}, {"type": "Feature", "id": "b3e82d2d3e0a3a3b", "geometry": {"type": "Point", "coordinates": [-66.771, -25.97]}, "properties": {"id": "b3e82d2d3e0a3a3b", "fecha": "27/09/2026", "hora": "20:02:00", "latitud": -25.97, "longitud": -66.771, "profundidad": 11.0, "magnitud": 2.5, "sentido": "No", "ubicacion_original": "SALTA", "ubicacion_normalizada": "Salta", "provincia": "Salta", "provincias": ["Salta"], "pais": "Argentina", "tipo_ubicacion": "provincia", "es_argentina": true, "es_limite": false}}, {"type": "Feature", "id": "96a771829ffaced5", "geometry": {"type": "Point", "coordinates": [-66.501, -25.878]}, "properties": {"id": "96a771829ffaced5", "fecha": "23/09/2026", "hora": "23:55:00", "latitud": -25.878, "longitud": -66.501, "profundidad": 3.0, "magnitud": 2.6, "sentido": "No", "ubicacion_original": "SALTA", "ubicacion_normalizada": "Salta", "provincia": "Salta", "provincias": ["Salta"], "pais": "Argentina", "tipo_ubicacion": "provincia", "es_argentina": true, "es_limite": false}}, {"type": "Feature", "id": "8ab2a9c771a61453", "geometry": {"type": "Point", "coordinates": [-66.579, -25.839]}, "properties": {"id": "8ab2a9c771a61453", "fecha": "02/10/2026", "hora": "10:29:00", "latitud": -25.839, "longitud": -66.579, "profundidad": 3.0, "magnitud": 2.9, "sentido": "No", "ubicacion_original": "SALTA", "ubicacion_normalizada": "Salta", "provincia": "Salta", "provincias": ["Salta"], "pais": "Argentina", "tipo_ubicacion": "provincia", "es_argentina": true, "es_limite": false}}, {"type": "Feature", "id": "e72e6cbb6b5d31be", "geometry": {"type": "Point", "coordinates": [-67.754, -31.549]}, "properties": {"id": "e72e6cbb6b5d31be", "fecha": "22/09/2026", "hora": "21:07:00", "latitud": -31.549, "longitud": -67.754, "profundidad": 36.0, "magnitud": 2.6, "sentido": "No", "ubicacion_original": "SAN JUAN", "ubicacion_normalizada": "San Juan", "provincia": "San Juan", "provincias": ["San Juan"], "pais": "Argentina", "tipo_ubicacion": "provincia", "es_argentina": true, "es_limite": false}}, {"type": "Feature", "id": "1f632851aad7fc5f", "geometry": {"type": "Point", "coordinates": [-68.807, -32.716]}, "properties": {"id": "1f632851aad7fc5f", "fecha": "26/09/2026", "hora": "23:12:00", "latitud": -32.716, "longitud": -68.807, "profundidad": 14.0, "magnitud": 2.7, "sentido": "Si", "ubicacion_original": "MENDOZA", "ubicacion_normalizada": "Mendoza", "provincia": "Mendoza", "provincias": ["Mendoza"], "pais": "Argentina", "tipo_ubicacion": "provincia", "es_argentina": true, "es_limite": false}}, {"type": "Feature", "id": "f1058e2c185bc999", "geometry": {"type": "Point", "coordinates": [-68.788, -31.707]}, "properties": {"id": "f1058e2c185bc999", "fecha": "28/09/2026", "hora": "12:49:00", "latitud": -31.707, "longitud": -68.788, "profundidad": 106.0, "magnitud": 2.6, "sentido": "No", "ubicacion_original": "SAN JUAN", "ubicacion_normalizada": "San Juan", "provincia": "San Juan", "provincias": ["San Juan"], "pais": "Argentina", "tipo_ubicacion": "provincia", "es_argentina": true, "es_limite": false}}, {"type": "Feature", "id": "c72a54e3738d039b", "geometry": {"type": "Point", "coordinates": [-67.019, -28.858]}, "properties": {"id": "c72a54e3738d039b", "fecha": "28/09/2026", "hora": "23:39:00", "latitud": -28.858, "longitud": -67.019, "profundidad": 140.0, "magnitud": 3.0, "sentido": "No", "ubicacion_original": "LA RIOJA", "ubicacion_normalizada": "La Rioja", "provincia": "La Rioja", "provincias": ["La Rioja"], "pais": "Argentina", "tipo_ubicacion": "provincia", "es_argentina": true, "es_limite": false}}, {"type": "Feature", "id": "baf497260efb1009", "geometry": {"type": "Point", "coordinates": [-69.184, -38.552]}, "properties": {"id": "baf497260efb1009", "fecha": "27/09/2026", "hora": "14:00:00", "latitud": -38.552, "longitud": -69.184, "profundidad": 9.0, "magnitud": 2.6, "sentido": "No", "ubicacion_original": "NEUQUEN", "ubicacion_normalizada": "Neuquén", "provincia": "Neuquén", "provincias": ["Neuquén"], "pais": "Argentina", "tipo_ubicacion": "provincia", "es_argentina": true, "es_limite": false}}, {"type": "Feature", "id": "1da36b3a328bc365", "geometry": {"type": "Point", "coordinates": [-66.72, -25.95]}, "properties": {"id": "1da36b3a328bc365", "fecha": "27/09/2026", "hora": "20:03:00", "latitud": -25.95, "longitud": -66.72, "profundidad": 3.0, "magnitud": 2.7, "sentido": "No", "ubicacion_original": "SALTA", "ubicacion_normalizada": "Salta", "provincia": "Salta", "provincias": ["Salta"], "pais": "Argentina", "tipo_ubicacion": "provincia", "es_argentina": true, "es_limite": false}}, {"type": "Feature", "id": "0f61f523d805022f", "geometry": {"type": "Point", "coordinates": [-68.772, -31.507]}, "properties": {"id": "0f61f523d805022f", "fecha": "23/09/2026", "hora": "23:22:00", "latitud": -31.507, "longitud": -68.772, "profundidad": 105.0, "magnitud": 2.7, "sentido": "No", "ubicacion_original": "SAN JUAN", "ubicacion_normalizada": "San Juan", "provincia": "San Juan", "provincias": ["San Juan"], "pais": "Argentina", "tipo_ubicacion": "provincia", "es_argentina": true, "es_limite": false}}, {"type": "Feature", "id": "08dbe9e1ea8746a3", "geometry": {"type": "Point", "coordinates": [-66.898, -23.975]}, "properties": {"id": "08dbe9e1ea8746a3", "fecha": "23/09/2026", "hora": "13:48:00", "latitud": -23.975, "longitud": -66.898, "profundidad": 208.0, "magnitud": 4.0, "sentido": "No", "ubicacion_original": "JUJUY", "ubicacion_normalizada": "Jujuy", "provincia": "Jujuy", "provincias": ["Jujuy"], "pais": "Argentina", "tipo_ubicacion": "provincia", "es_argentina": true, "es_limite": false}}, {"type": "Feature", "id": "d2dc4509e9f625eb", "geometry": {"type": "Point", "coordinates": [-68.584, -38.193]}, "properties": {"id": "d2dc4509e9f625eb", "fecha": "02/10/2026", "hora": "12:09:00", "latitud": -38.193, "longitud": -68.584, "profundidad": 7.0, "magnitud": 2.7, "sentido": "No", "ubicacion_original": "NEUQUEN", "ubicacion_normalizada": "Neuquén", "provincia": "Neuquén", "provincias": ["Neuquén"], "pais": "Argentina", "tipo_ubicacion": "provincia", "es_argentina": true, "es_limite": false}}, {"type": "Feature", "id": "a36356368b3b6454", "geometry": {"type": "Point", "coordinates": [-68.552, -38.182]}, "properties": {"id": "a36356368b3b6454", "fecha": "02/10/2026", "hora": "02:21:00", "latitud": -38.182, "longitud": -68.552, "profundidad": 6.0, "magnitud": 3.3, "sentido": "No", "ubicacion_original": "NEUQUEN", "ubicacion_normalizada": "Neuquén", "provincia": "Neuquén", "provincias": ["Neuquén"], "pais": "Argentina", "tipo_ubicacion": "provincia", "es_argentina": true, "es_limite": false}}, {"type": "Feature", "id": "313faa01cf707dbf", "geometry": {"type": "Point", "coordinates": [-68.59, -28.746]}, "properties": {"id": "313faa01cf707dbf", "fecha": "29/09/2026", "hora": "04:18:00", "latitud": -28.746, "longitud": -68.59, "profundidad": 118.0, "magnitud": 2.7, "sentido": "No", "ubicacion_original": "LA RIOJA", "ubicacion_normalizada": "La Rioja", "provincia": "La Rioja", "provincias": ["La Rioja"], "pais": "Argentina", "tipo_ubicacion": "provincia", "es_argentina": true, "es_limite": false}}, {"type": "Feature", "id": "5abc34d8efd4cd80", "geometry": {"type": "Point", "coordinates": [-66.717, -25.863]}, "properties": {"id": "5abc34d8efd4cd80", "fecha": "27/09/2026", "hora": "20:30:00", "latitud": -25.863, "longitud": -66.717, "profundidad": 4.0, "magnitud": 3.1, "sentido": "No", "ubicacion_original": "SALTA", "ubicacion_normalizada": "Salta", "provincia": "Salta", "provincias": ["Salta"], "pais": "Argentina", "tipo_ubicacion": "provincia", "es_argentina": true, "es_limite": false}}, {"type": "Feature", "id": "5edd8d46aa6a17a6", "geometry": {"type": "Point", "coordinates": [-69.444, -31.558]}, "properties": {"id": "5edd8d46aa6a17a6", "fecha": "22/09/2026", "hora": "16:10:00", "latitud": -31.558, "longitud": -69.444, "profundidad": 112.0, "magnitud": 2.7, "sentido": "No", "ubicacion_original": "SAN JUAN", "ubicacion_normalizada": "San Juan", "provincia": "San Juan", "provincias": ["San Juan"], "pais": "Argentina", "tipo_ubicacion": "provincia", "es_argentina": true, "es_limite": false}}, {"type": "Feature", "id": "d29b0296cb3c463c", "geometry": {"type": "Point", "coordinates": [-66.777, -25.946]}, "properties": {"id": "d29b0296cb3c463c", "fecha": "26/09/2026", "hora": "02:25:00", "latitud": -25.946, "longitud": -66.777, "profundidad": 12.0, "magnitud": 2.8, "sentido": "No", "ubicacion_original": "SALTA", "ubicacion_normalizada": "Salta", "provincia": "Salta", "provincias": ["Salta"], "pais": "Argentina", "tipo_ubicacion": "provincia", "es_argentina": true, "es_limite": false}}, {"type": "Feature", "id": "2a6c9da2015bd7dd", "geometry": {"type": "Point", "coordinates": [-66.728, -24.12]}, "properties": {"id": "2a6c9da2015bd7dd", "fecha": "23/09/2026", "hora": "08:50:00", "latitud": -24.12, "longitud": -66.728, "profundidad": 191.0, "magnitud": 2.6, "sentido": "No", "ubicacion_original": "JUJUY", "ubicacion_normalizada": "Jujuy", "provincia": "Jujuy", "provincias": ["Jujuy"], "pais": "Argentina", "tipo_ubicacion": "provincia", "es_argentina": true, "es_limite": false}}, {"type": "Feature", "id": "fa397002b6d37b75", "geometry": {"type": "Point", "coordinates": [-66.699, -25.962]}, "properties": {"id": "fa397002b6d37b75", "fecha": "23/09/2026", "hora": "05:34:00", "latitud": -25.962, "longitud": -66.699, "profundidad": 10.0, "magnitud": 2.5, "sentido": "No", "ubicacion_original": "SALTA", "ubicacion_normalizada": "Salta", "provincia": "Salta", "provincias": ["Salta"], "pais": "Argentina", "tipo_ubicacion": "provincia", "es_argentina": true, "es_limite": false}}, {"type": "Feature", "id": "387dee124736861c", "geometry": {"type": "Point", "coordinates": [-65.477, -26.704]}, "properties": {"id": "387dee124736861c", "fecha": "21/09/2026", "hora": "13:27:00", "latitud": -26.704, "longitud": -65.477, "profundidad": 28.0, "magnitud": 3.2, "sentido": "No", "ubicacion_original": "TUCUMAN", "ubicacion_normalizada": "Tucumán", "provincia": "Tucumán", "provincias": ["Tucumán"], "pais": "Argentina", "tipo_ubicacion": "provincia", "es_argentina": true, "es_limite": false}}, {"type": "Feature", "id": "3602358cb7abd3a3", "geometry": {"type": "Point", "coordinates": [-64.569, -30.796]}, "properties": {"id": "3602358cb7abd3a3", "fecha": "27/09/2026", "hora": "20:23:00", "latitud": -30.796, "longitud": -64.569, "profundidad": 12.0, "magnitud": 2.7, "sentido": "Si", "ubicacion_original": "CORDOBA", "ubicacion_normalizada": "Córdoba", "provincia": "Córdoba", "provincias": ["Córdoba"], "pais": "Argentina", "tipo_ubicacion": "provincia", "es_argentina": true, "es_limite": false}}, {"type": "Feature", "id": "267580b3408835d6", "geometry": {"type": "Point", "coordinates": [-72.69, -43.07]}, "properties": {"id": "267580b3408835d6", "fecha": "27/09/2026", "hora": "15:55:00", "latitud": -43.07, "longitud": -72.69, "profundidad": 8.0, "magnitud": 4.6, "sentido": "Si", "ubicacion_original": "CHILE", "ubicacion_normalizada": "Chile", "provincia": null, "provincias": [], "pais": "Chile", "tipo_ubicacion": "extranjero", "es_argentina": false, "es_limite": false}}, {"type": "Feature", "id": "0d4e587d559ed54e", "geometry": {"type": "Point", "coordinates": [-66.488, -25.836]}, "properties": {"id": "0d4e587d559ed54e", "fecha": "20/09/2026", "hora": "20:29:00", "latitud": -25.836, "longitud": -66.488, "profundidad": 10.0, "magnitud": 2.6, "sentido": "No", "ubicacion_original": "SALTA", "ubicacion_normalizada": "Salta", "provincia": "Salta", "provincias": ["Salta"], "pais": "Argentina", "tipo_ubicacion": "provincia", "es_argentina": true, "es_limite": false}}, {"type": "Feature", "id": "19cad79bafbc7a18", "geometry": {"type": "Point", "coordinates": [-67.58, -27.569]}, "properties": {"id": "19cad79bafbc7a18", "fecha": "30/09/2026", "hora": "21:08:00", "latitud": -27.569, "longitud": -67.58, "profundidad": 134.0, "magnitud": 2.7, "sentido": "No", "ubicacion_original": "CATAMARCA", "ubicacion_normalizada": "Catamarca", "provincia": "Catamarca", "provincias": ["Catamarca"], "pais": "Argentina", "tipo_ubicacion": "provincia", "es_argentina": true, "es_limite": false}}, {"type": "Feature", "id": "7683dcf152b75ca8", "geometry": {"type": "Point", "coordinates": [-69.24, -31.319]}, "properties": {"id": "7683dcf152b75ca8", "fecha": "01/10/2026", "hora": "20:15:00", "latitud": -31.319, "longitud": -69.24, "profundidad": 116.0, "magnitud": 3.2, "sentido": "No", "ubicacion_original": "SAN JUAN", "ubicacion_normalizada": "San Juan", "provincia": "San Juan", "provincias": ["San Juan"], "pais": "Argentina", "tipo_ubicacion": "provincia", "es_argentina": true, "es_limite": false}}, {"type": "Feature", "id": "05cd25fad3395c90", "geometry": {"type": "Point", "coordinates": [-69.665, -29.584]}, "properties": {"id": "05cd25fad3395c90", "fecha": "24/09/2026", "hora": "12:17:00", "latitud": -29.584, "longitud": -69.665, "profundidad": 37.0, "magnitud": 3.4, "sentido": "No", "ubicacion_original": "SAN JUAN", "ubicacion_normalizada": "San Juan", "provincia": "San Juan", "provincias": ["San Juan"], "pais": "Argentina", "tipo_ubicacion": "provincia", "es_argentina": true, "es_limite": false}}, {"type": "Feature", "id": "5938f308e2183e10", "geometry": {"type": "Point", "coordinates": [-67.295, -32.745]}, "properties": {"id": "5938f308e2183e10", "fecha": "20/09/2026", "hora": "21:47:00", "latitud": -32.745, "longitud": -67.295, "profundidad": 185.0, "magnitud": 2.6, "sentido": "No", "ubicacion_original": "MENDOZA", "ubicacion_normalizada": "Mendoza", "provincia": "Mendoza", "provincias": ["Mendoza"], "pais": "Argentina", "tipo_ubicacion": "provincia", "es_argentina": true, "es_limite": false}}, {"type": "Feature", "id": "b92d96646ce59969", "geometry": {"type": "Point", "coordinates": [-68.47, -31.365]}, "properties": {"id": "b92d96646ce59969", "fecha": "01/10/2026", "hora": "04:30:00", "latitud": -31.365, "longitud": -68.47, "profundidad": 107.0, "magnitud": 2.5, "sentido": "No", "ubicacion_original": "SAN JUAN", "ubicacion_normalizada": "San Juan", "provincia": "San Juan", "provincias": ["San Juan"], "pais": "Argentina", "tipo_ubicacion": "provincia", "es_argentina": true, "es_limite": false}}, {"type": "Feature", "id": "68bbb600d610946e", "geometry": {"type": "Point", "coordinates": [-69.434, -31.789]}, "properties": {"id": "68bbb600d610946e", "fecha": "02/10/2026", "hora": "01:53:00", "latitud": -31.789, "longitud": -69.434, "profundidad": 121.0, "magnitud": 2.5, "sentido": "No", "ubicacion_original": "SAN JUAN", "ubicacion_normalizada": "San Juan", "provincia": "San Juan", "provincias": ["San Juan"], "pais": "Argentina", "tipo_ubicacion": "provincia", "es_argentina": true, "es_limite": false}}, {"type": "Feature", "id": "13e37ebd5aa439e7", "geometry": {"type": "Point", "coordinates": [-68.671, -31.299]}, "properties": {"id": "13e37ebd5aa439e7", "fecha": "23/09/2026", "hora": "03:11:00", "latitud": -31.299, "longitud": -68.671, "profundidad": 105.0, "magnitud": 2.5, "sentido": "No", "ubicacion_original": "SAN JUAN", "ubicacion_normalizada": "San Juan", "provincia": "San Juan", "provincias": ["San Juan"], "pais": "Argentina", "tipo_ubicacion": "provincia", "es_argentina": true, "es_limite": false}}, {"type": "Feature", "id": "699928ad5f1e08ef", "geometry": {"type": "Point", "coordinates": [-68.246, -31.944]}, "properties": {"id": "699928ad5f1e08ef", "fecha": "27/09/2026", "hora": "11:48:00", "latitud": -31.944, "longitud": -68.246, "profundidad": 115.0, "magnitud": 3.5, "sentido": "Si", "ubicacion_original": "SAN JUAN", "ubicacion_normalizada": "San Juan", "provincia": "San Juan", "provincias": ["San Juan"], "pais": "Argentina", "tipo_ubicacion": "provincia", "es_argentina": true, "es_limite": false}}, {"type": "Feature", "id": "b63da93375e963a2", "geometry": {"type": "Point", "coordinates": [-70.12, -31.231]}, "properties": {"id": "b63da93375e963a2", "fecha": "01/06/2026", "hora": "23:27:00", "latitud": -31.231, "longitud": -70.12, "profundidad": 116.0, "magnitud": 2.5, "sentido": "No", "ubicacion_original": "SAN JUAN", "ubicacion_normalizada": "San Juan", "provincia": "San Juan", "provincias": ["San Juan"], "pais": "Argentina", "tipo_ubicacion": "provincia", "es_argentina": true, "es_limite": false}}, {"type": "Feature", "id": "9b32006c6efbc305", "geometry": {"type": "Point", "coordinates": [-66.565, -28.845]}, "properties": {"id": "9b32006c6efbc305", "fecha": "12/09/2012", "hora": "09:21:45", "latitud": -28.845, "longitud": -66.565, "profundidad": 32.0, "magnitud": 3.0, "sentido": "No", "ubicacion_original": "LA RIOJA", "ubicacion_normalizada": "La Rioja", "provincia": "La Rioja", "provincias": ["La Rioja"], "pais": "Argentina", "tipo_ubicacion": "provincia", "es_argentina": true, "es_limite": false}}, {"type": "Feature", "id": "c3a8c34557c69d1f", "geometry": {"type": "Point", "coordinates": [-68.815, -31.201]}, "properties": {"id": "c3a8c34557c69d1f", "fecha": "02/11/2020", "hora": "06:30:14", "latitud": -31.201, "longitud": -68.815, "profundidad": 97.0, "magnitud": 2.7, "sentido": "No", "ubicacion_original": "SAN JUAN", "ubicacion_normalizada": "San Juan", "provincia": "San Juan", "provincias": ["San Juan"], "pais": "Argentina", "tipo_ubicacion": "provincia", "es_argentina": true, "es_limite": false}}, {"type": "Feature", "id": "bb74fe2c2760801c", "geometry": {"type": "Point", "coordinates": [-66.882, -23.952]}, "properties": {"id": "bb74fe2c2760801c", "fecha": "31/05/2026", "hora": "07:56:00", "latitud": -23.952, "longitud": -66.882, "profundidad": 201.0, "magnitud": 3.3, "sentido": "No", "ubicacion_original": "JUJUY", "ubicacion_normalizada": "Jujuy", "provincia": "Jujuy", "provincias": ["Jujuy"], "pais": "Argentina", "tipo_ubicacion": "provincia", "es_argentina": true, "es_limite": false}}, {"type": "Feature", "id": "424814d1959c6819", "geometry": {"type": "Point", "coordinates": [-68.245, -31.28]}, "properties": {"id": "424814d1959c6819", "fecha": "01/07/2020", "hora": "04:47:26", "latitud": -31.28, "longitud": -68.245, "profundidad": 98.0, "magnitud": 2.7, "sentido": "No", "ubicacion_original": "SAN JUAN", "ubicacion_normalizada": "San Juan", "provincia": "San Juan", "provincias": ["San Juan"], "pais": "Argentina", "tipo_ubicacion": "provincia", "es_argentina": true, "es_limite": false}}, {"type": "Feature", "id": "5d8ed82b37f6deea", "geometry": {"type": "Point", "coordinates": [-69.451, -31.507]}, "properties": {"id": "5d8ed82b37f6deea", "fecha": "05/05/2014", "hora": "08:01:40", "latitud": -31.507, "longitud": -69.451, "profundidad": 105.0, "magnitud": 2.8, "sentido": "No", "ubicacion_original": "SAN JUAN", "ubicacion_normalizada": "San Juan", "provincia": "San Juan", "provincias": ["San Juan"], "pais": "Argentina", "tipo_ubicacion": "provincia", "es_argentina": true, "es_limite": false}}, {"type": "Feature", "id": "42b3ec9baf7a6473", "geometry": {"type": "Point", "coordinates": [-67.211, -24.367]}, "properties": {"id": "42b3ec9baf7a6473", "fecha": "27/03/2021", "hora": "00:50:22", "latitud": -24.367, "longitud": -67.211, "profundidad": 187.0, "magnitud": 2.9, "sentido": "No", "ubicacion_original": "SALTA", "ubicacion_normalizada": "Salta", "provincia": "Salta", "provincias": ["Salta"], "pais": "Argentina", "tipo_ubicacion": "provincia", "es_argentina": true, "es_limite": false}}, {"type": "Feature", "id": "a0c658a1f16e44af", "geometry": {"type": "Point", "coordinates": [-69.641, -31.963]}, "properties": {"id": "a0c658a1f16e44af", "fecha": "11/10/2019", "hora": "07:23:06", "latitud": -31.963, "longitud": -69.641, "profundidad": 123.0, "magnitud": 3.0, "sentido": "No", "ubicacion_original": "SAN JUAN", "ubicacion_normalizada": "San Juan", "provincia": "San Juan", "provincias": ["San Juan"], "pais": "Argentina", "tipo_ubicacion": "provincia", "es_argentina": true, "es_limite": false}}, {"type": "Feature", "id": "0acee36bab7b7ffd", "geometry": {"type": "Point", "coordinates": [-66.799, -23.027]}, "properties": {"id": "0acee36bab7b7ffd", "fecha": "01/04/2021", "hora": "22:40:33", "latitud": -23.027, "longitud": -66.799, "profundidad": 202.0, "magnitud": 2.8, "sentido": "No", "ubicacion_original": "JUJUY", "ubicacion_normalizada": "Jujuy", "provincia": "Jujuy", "provincias": ["Jujuy"], "pais": "Argentina", "tipo_ubicacion": "provincia", "es_argentina": true, "es_limite": false}}, {"type": "Feature", "id": "5e83a0ac5bcb5be1", "geometry": {"type": "Point", "coordinates": [-68.259, -31.791]}, "properties": {"id": "5e83a0ac5bcb5be1", "fecha": "25/06/2020", "hora": "15:28:02", "latitud": -31.791, "longitud": -68.259, "profundidad": 111.0, "magnitud": 4.2, "sentido": "Si", "ubicacion_original": "SAN JUAN", "ubicacion_normalizada": "San Juan", "provincia": "San Juan", "provincias": ["San Juan"], "pais": "Argentina", "tipo_ubicacion": "provincia", "es_argentina": true, "es_limite": false}}, {"type": "Feature", "id": "a1f2b8b9aee91462", "geometry": {"type": "Point", "coordinates": [-68.81, -32.305]}, "properties": {"id": "a1f2b8b9aee91462", "fecha": "11/03/2017", "hora": "03:06:27", "latitud": -32.305, "longitud": -68.81, "profundidad": 99.0, "magnitud": 2.6, "sentido": "No", "ubicacion_original": "SAN JUAN", "ubicacion_normalizada": "San Juan", "provincia": "San Juan", "provincias": ["San Juan"], "pais": "Argentina", "tipo_ubicacion": "provincia", "es_argentina": true, "es_limite": false}}, {"type": "Feature", "id": "49314149c4c29e9d", "geometry": {"type": "Point", "coordinates": [-65.905, -22.235]}, "properties": {"id": "49314149c4c29e9d", "fecha": "21/08/2023", "hora": "00:30:33", "latitud": -22.235, "longitud": -65.905, "profundidad": 313.0, "magnitud": 3.7, "sentido": "No", "ubicacion_original": "JUJUY", "ubicacion_normalizada": "Jujuy", "provincia": "Jujuy", "provincias": ["Jujuy"], "pais": "Argentina", "tipo_ubicacion": "provincia", "es_argentina": true, "es_limite": false}}, {"type": "Feature", "id": "d31ca6a647435f8b", "geometry": {"type": "Point", "coordinates": [-68.628, -31.341]}, "properties": {"id": "d31ca6a647435f8b", "fecha": "08/09/2012", "hora": "11:19:21", "latitud": -31.341, "longitud": -68.628, "profundidad": 103.0, "magnitud": 2.5, "sentido": "No", "ubicacion_original": "SAN JUAN", "ubicacion_normalizada": "San Juan", "provincia": "San Juan", "provincias": ["San Juan"], "pais": "Argentina", "tipo_ubicacion": "provincia", "es_argentina": true, "es_limite": false}}, {"type": "Feature", "id": "5255de90c5d7628d", "geometry": {"type": "Point", "coordinates": [-69.402, -31.399]}, "properties": {"id": "5255de90c5d7628d", "fecha": "14/11/2016", "hora": "00:39:52", "latitud": -31.399, "longitud": -69.402, "profundidad": 107.0, "magnitud": 2.6, "sentido": "No", "ubicacion_original": "SAN JUAN", "ubicacion_normalizada": "San Juan", "provincia": "San Juan", "provincias": ["San Juan"], "pais": "Argentina", "tipo_ubicacion": "provincia", "es_argentina": true, "es_limite": false}}, {"type": "Feature", "id": "b3f70896777c685c", "geometry": {"type": "Point", "coordinates": [-66.859, -23.685]}, "properties": {"id": "b3f70896777c685c", "fecha": "16/11/2017", "hora": "18:33:46", "latitud": -23.685, "longitud": -66.859, "profundidad": 239.0, "magnitud": 3.5, "sentido": "No", "ubicacion_original": "JUJUY", "ubicacion_normalizada": "Jujuy", "provincia": "Jujuy", "provincias": ["Jujuy"], "pais": "Argentina", "tipo_ubicacion": "provincia", "es_argentina": true, "es_limite": false}}, {"type": "Feature", "id": "8d1e0b53f055580b", "geometry": {"type": "Point", "coordinates": [-68.55, -31.285]}, "properties": {"id": "8d1e0b53f055580b", "fecha": "13/09/2021", "hora": "11:29:03", "latitud": -31.285, "longitud": -68.55, "profundidad": 102.0, "magnitud": 2.7, "sentido": "No", "ubicacion_original": "SAN JUAN", "ubicacion_normalizada": "San Juan", "provincia": "San Juan", "provincias": ["San Juan"], "pais": "Argentina", "tipo_ubicacion": "provincia", "es_argentina": true, "es_limite": false}}, {"type": "Feature", "id": "aee95e7693fe04b7", "geometry": {"type": "Point", "coordinates": [-69.619, -31.768]}, "properties": {"id": "aee95e7693fe04b7", "fecha": "30/12/2023", "hora": "19:48:18", "latitud": -31.768, "longitud": -69.619, "profundidad": 126.0, "magnitud": 3.0, "sentido": "No", "ubicacion_original": "SAN JUAN", "ubicacion_normalizada": "San Juan", "provincia": "San Juan", "provincias": ["San Juan"], "pais": "Argentina", "tipo_ubicacion": "provincia", "es_argentina": true, "es_limite": false}}, {"type": "Feature", "id": "9d06df8cff1447ef", "geometry": {"type": "Point", "coordinates": [-66.335, -27.409]}, "properties": {"id": "9d06df8cff1447ef", "fecha": "29/05/2012", "hora": "18:19:09", "latitud": -27.409, "longitud": -66.335, "profundidad": 108.0, "magnitud": 2.7, "sentido": "No", "ubicacion_original": "CATAMARCA", "ubicacion_normalizada": "Catamarca", "provincia": "Catamarca", "provincias": ["Catamarca"], "pais": "Argentina", "tipo_ubicacion": "provincia", "es_argentina": true, "es_limite": false}}, {"type": "Feature", "id": "18be8136d60e71b9", "geometry": {"type": "Point", "coordinates": [-68.83, -31.299]}, "properties": {"id": "18be8136d60e71b9", "fecha": "22/07/2015", "hora": "13:20:17", "latitud": -31.299, "longitud": -68.83, "profundidad": 109.0, "magnitud": 2.8, "sentido": "No", "ubicacion_original": "SAN JUAN", "ubicacion_normalizada": "San Juan", "provincia": "San Juan", "provincias": ["San Juan"], "pais": "Argentina", "tipo_ubicacion": "provincia", "es_argentina": true, "es_limite": false}}, {"type": "Feature", "id": "05e1488191207fd8", "geometry": {"type": "Point", "coordinates": [-66.479, -22.684]}, "properties": {"id": "05e1488191207fd8", "fecha": "30/09/2015", "hora": "15:48:54", "latitud": -22.684, "longitud": -66.479, "profundidad": 250.0, "magnitud": 3.6, "sentido": "No", "ubicacion_original": "JUJUY", "ubicacion_normalizada": "Jujuy", "provincia": "Jujuy", "provincias": ["Jujuy"], "pais": "Argentina", "tipo_ubicacion": "provincia", "es_argentina": true, "es_limite": false}}, {"type": "Feature", "id": "e233ff116a19edd7", "geometry": {"type": "Point", "coordinates": [-67.56, -31.498]}, "properties": {"id": "e233ff116a19edd7", "fecha": "25/03/2021", "hora": "18:36:42", "latitud": -31.498, "longitud": -67.56, "profundidad": 20.0, "magnitud": 2.7, "sentido": "No", "ubicacion_original": "SAN JUAN", "ubicacion_normalizada": "San Juan", "provincia": "San Juan", "provincias": ["San Juan"], "pais": "Argentina", "tipo_ubicacion": "provincia", "es_argentina": true, "es_limite": false}}, {"type": "Feature", "id": "0e4089e6cd7a9cee", "geometry": {"type": "Point", "coordinates": [-67.265, -32.771]}, "properties": {"id": "0e4089e6cd7a9cee", "fecha": "25/04/2025", "hora": "13:17:00", "latitud": -32.771, "longitud": -67.265, "profundidad": 6.0, "magnitud": 2.5, "sentido": "No", "ubicacion_original": "MENDOZA", "ubicacion_normalizada": "Mendoza", "provincia": "Mendoza", "provincias": ["Mendoza"], "pais": "Argentina", "tipo_ubicacion": "provincia", "es_argentina": true, "es_limite": false}}, {"type": "Feature", "id": "ff89eae3565313d7", "geometry": {"type": "Point", "coordinates": [-70.094, -32.347]}, "properties": {"id": "ff89eae3565313d7", "fecha": "06/12/2016", "hora": "02:45:22", "latitud": -32.347, "longitud": -70.094, "profundidad": 119.0, "magnitud": 3.2, "sentido": "No", "ubicacion_original": "SAN JUAN", "ubicacion_normalizada": "San Juan", "provincia": "San Juan", "provincias": ["San Juan"], "pais": "Argentina", "tipo_ubicacion": "provincia", "es_argentina": true, "es_limite": false}}, {"type": "Feature", "id": "11bccc9208444f10", "geometry": {"type": "Point", "coordinates": [-66.925, -23.96]}, "properties": {"id": "11bccc9208444f10", "fecha": "17/05/2021", "hora": "22:41:07", "latitud": -23.96, "longitud": -66.925, "profundidad": 197.0, "magnitud": 3.3, "sentido": "No", "ubicacion_original": "JUJUY", "ubicacion_normalizada": "Jujuy", "provincia": "Jujuy", "provincias": ["Jujuy"], "pais": "Argentina", "tipo_ubicacion": "provincia", "es_argentina": true, "es_limite": false}}, {"type": "Feature", "id": "981b9eb88ba33ef1", "geometry": {"type": "Point", "coordinates": [-66.723, -23.233]}, "properties": {"id": "981b9eb88ba33ef1", "fecha": "07/10/2013", "hora": "16:15:43", "latitud": -23.233, "longitud": -66.723, "profundidad": 257.0, "magnitud": 2.5, "sentido": "No", "ubicacion_original": "JUJUY", "ubicacion_normalizada": "Jujuy", "provincia": "Jujuy", "provincias": ["Jujuy"], "pais": "Argentina", "tipo_ubicacion": "provincia", "es_argentina": true, "es_limite": false}}, {"type": "Feature", "id": "b81aaf7ff8f0e607", "geometry": {"type": "Point", "coordinates": [-67.569, -27.658]}, "properties": {"id": "b81aaf7ff8f0e607", "fecha": "20/01/2019", "hora": "22:10:17", "latitud": -27.658, "longitud": -67.569, "profundidad": 156.0, "magnitud": 3.1, "sentido": "No", "ubicacion_original": "CATAMARCA", "ubicacion_normalizada": "Catamarca", "provincia": "Catamarca", "provincias": ["Catamarca"], "pais": "Argentina", "tipo_ubicacion": "provincia", "es_argentina": true, "es_limite": false}}, {"type": "Feature", "id": "6d7c0a1fd67ade18", "geometry": {"type": "Point", "coordinates": [-70.205, -31.107]}, "properties": {"id": "6d7c0a1fd67ade18", "fecha": "27/10/2024", "hora": "23:17:54", "latitud": -31.107, "longitud": -70.205, "profundidad": 117.0, "magnitud": 3.0, "sentido": "No", "ubicacion_original": "SAN JUAN", "ubicacion_normalizada": "San Juan", "provincia": "San Juan", "provincias": ["San Juan"], "pais": "Argentina", "tipo_ubicacion": "provincia", "es_argentina": true, "es_limite": false}}, {"type": "Feature", "id": "6156fdacbb24417e", "geometry": {"type": "Point", "coordinates": [-66.17, -27.254]}, "properties": {"id": "6156fdacbb24417e", "fecha": "14/07/2017", "hora": "16:12:10", "latitud": -27.254, "longitud": -66.17, "profundidad": 123.0, "magnitud": 2.8, "sentido": "No", "ubicacion_original": "CATAMARCA", "ubicacion_normalizada": "Catamarca", "provincia": "Catamarca", "provincias": ["Catamarca"], "pais": "Argentina", "tipo_ubicacion": "provincia", "es_argentina": true, "es_limite": false}}, {"type": "Feature", "id": "fe75e8af07ea1329", "geometry": {"type": "Point", "coordinates": [-69.083, -31.068]}, "properties": {"id": "fe75e8af07ea1329", "fecha": "14/11/2021", "hora": "11:38:37", "latitud": -31.068, "longitud": -69.083, "profundidad": 101.0, "magnitud": 2.7, "sentido": "No", "ubicacion_original": "SAN JUAN", "ubicacion_normalizada": "San Juan", "provincia": "San Juan", "provincias": ["San Juan"], "pais": "Argentina", "tipo_ubicacion": "provincia", "es_argentina": true, "es_limite": false}}, {"type": "Feature", "id": "4c60e28be1132109", "geometry": {"type": "Point", "coordinates": [-67.113, -29.82]}, "properties": {"id": "4c60e28be1132109", "fecha": "19/05/2013", "hora": "12:48:46", "latitud": -29.82, "longitud": -67.113, "profundidad": 100.0, "magnitud": 2.8, "sentido": "No", "ubicacion_original": "LA RIOJA", "ubicacion_normalizada": "La Rioja", "provincia": "La Rioja", "provincias": ["La Rioja"], "pais": "Argentina", "tipo_ubicacion": "provincia", "es_argentina": true, "es_limite": false}}, {"type": "Feature", "id": "adabff4f06daa771", "geometry": {"type": "Point", "coordinates": [-69.234, -31.308]}, "properties": {"id": "adabff4f06daa771", "fecha": "06/07/2022", "hora": "21:28:06", "latitud": -31.308, "longitud": -69.234, "profundidad": 112.0, "magnitud": 3.0, "sentido": "No", "ubicacion_original": "SAN JUAN", "ubicacion_normalizada": "San Juan", "provincia": "San Juan", "provincias": ["San Juan"], "pais": "Argentina", "tipo_ubicacion": "provincia", "es_argentina": true, "es_limite": false}}, {"type": "Feature", "id": "ab23703cad5075d1", "geometry": {"type": "Point", "coordinates": [-66.772, -23.69]}, "properties": {"id": "ab23703cad5075d1", "fecha": "16/09/2020", "hora": "11:57:32", "latitud": -23.69, "longitud": -66.772, "profundidad": 222.0, "magnitud": 3.2, "sentido": "No", "ubicacion_original": "JUJUY", "ubicacion_normalizada": "Jujuy", "provincia": "Jujuy", "provincias": ["Jujuy"], "pais": "Argentina", "tipo_ubicacion": "provincia", "es_argentina": true, "es_limite": false}}, {"type": "Feature", "id": "37237b437d6a3c76", "geometry": {"type": "Point", "coordinates": [-68.749, -30.408]}, "properties": {"id": "37237b437d6a3c76", "fecha": "12/03/2026", "hora": "13:18:00", "latitud": -30.408, "longitud": -68.749, "profundidad": 105.0, "magnitud": 3.0, "sentido": "No", "ubicacion_original": "SAN JUAN", "ubicacion_normalizada": "San Juan", "provincia": "San Juan", "provincias": ["San Juan"], "pais": "Argentina", "tipo_ubicacion": "provincia", "es_argentina": true, "es_limite": false}}, {"type": "Feature", "id": "9d72d01ede408903", "geometry": {"type": "Point", "coordinates": [-68.871, -31.34]}, "properties": {"id": "9d72d01ede408903", "fecha": "23/04/2021", "hora": "12:08:23", "latitud": -31.34, "longitud": -68.871, "profundidad": 102.0, "magnitud": 2.5, "sentido": "No", "ubicacion_original": "SAN JUAN", "ubicacion_normalizada": "San Juan", "provincia": "San Juan", "provincias": ["San Juan"], "pais": "Argentina", "tipo_ubicacion": "provincia", "es_argentina": true, "es_limite": false}}, {"type": "Feature", "id": "03da926d4255e9ec", "geometry": {"type": "Point", "coordinates": [-66.604, -27.295]}, "properties": {"id": "03da926d4255e9ec", "fecha": "31/01/2012", "hora": "11:40:03", "latitud": -27.295, "longitud": -66.604, "profundidad": 106.0, "magnitud": 2.6, "sentido": "No", "ubicacion_original": "CATAMARCA", "ubicacion_normalizada": "Catamarca", "provincia": "Catamarca", "provincias": ["Catamarca"], "pais": "Argentina", "tipo_ubicacion": "provincia", "es_argentina": true, "es_limite": false}}, {"type": "Feature", "id": "993d22b8ae7abda3", "geometry": {"type": "Point", "coordinates": [-68.788, -31.282]}, "properties": {"id": "993d22b8ae7abda3", "fecha": "19/04/2020", "hora": "13:34:09", "latitud": -31.282, "longitud": -68.788, "profundidad": 107.0, "magnitud": 2.5, "sentido": "No", "ubicacion_original": "SAN JUAN", "ubicacion_normalizada": "San Juan", "provincia": "San Juan", "provincias": ["San Juan"], "pais": "Argentina", "tipo_ubicacion": "provincia", "es_argentina": true, "es_limite": false}}, {"type": "Feature", "id": "5a6f0c416829794c", "geometry": {"type": "Point", "coordinates": [-68.279, -31.193]}, "properties": {"id": "5a6f0c416829794c", "fecha": "05/05/2019", "hora": "10:07:24", "latitud": -31.193, "longitud": -68.279, "profundidad": 102.0, "magnitud": 3.3, "sentido": "No", "ubicacion_original": "SAN JUAN", "ubicacion_normalizada": "San Juan", "provincia": "San Juan", "provincias": ["San Juan"], "pais": "Argentina", "tipo_ubicacion": "provincia", "es_argentina": true, "es_limite": false}}, {"type": "Feature", "id": "6472280e4ffa671c", "geometry": {"type": "Point", "coordinates": [-68.81, -31.546]}, "properties": {"id": "6472280e4ffa671c", "fecha": "28/07/2021", "hora": "09:58:18", "latitud": -31.546, "longitud": -68.81, "profundidad": 110.0, "magnitud": 2.8, "sentido": "No", "ubicacion_original": "SAN JUAN", "ubicacion_normalizada": "San Juan", "provincia": "San Juan", "provincias": ["San Juan"], "pais": "Argentina", "tipo_ubicacion": "provincia", "es_argentina": true, "es_limite": false}}, {"type": "Feature", "id": "18da7013c3a9c67c", "geometry": {"type": "Point", "coordinates": [-65.731, -32.72]}, "properties": {"id": "18da7013c3a9c67c", "fecha": "25/01/2012", "hora": "18:24:42", "latitud": -32.72, "longitud": -65.731, "profundidad": 10.0, "magnitud": 3.1, "sentido": "No", "ubicacion_original": "SAN LUIS", "ubicacion_normalizada": "San Luis", "provincia": "San Luis", "provincias": ["San Luis"], "pais": "Argentina", "tipo_ubicacion": "provincia", "es_argentina": true, "es_limite": false}}, {"type": "Feature", "id": "ab87e2bdd6aa1f0f", "geometry": {"type": "Point", "coordinates": [-68.761, -31.332]}, "properties": {"id": "ab87e2bdd6aa1f0f", "fecha": "26/09/2020", "hora": "20:25:52", "latitud": -31.332, "longitud": -68.761, "profundidad": 102.0, "magnitud": 2.9, "sentido": "No", "ubicacion_original": "SAN JUAN", "ubicacion_normalizada": "San Juan", "provincia": "San Juan", "provincias": ["San Juan"], "pais": "Argentina", "tipo_ubicacion": "provincia", "es_argentina": true, "es_limite": false}}, {"type": "Feature", "id": "a64ea44e7604e70e", "geometry": {"type": "Point", "coordinates": [-66.652, -28.024]}, "properties": {"id": "a64ea44e7604e70e", "fecha": "02/08/2015", "hora": "21:35:31", "latitud": -28.024, "longitud": -66.652, "profundidad": 187.0, "magnitud": 2.8, "sentido": "No", "ubicacion_original": "CATAMARCA", "ubicacion_normalizada": "Catamarca", "provincia": "Catamarca", "provincias": ["Catamarca"], "pais": "Argentina", "tipo_ubicacion": "provincia", "es_argentina": true, "es_limite": false}}, {"type": "Feature", "id": "2094fc6f1f01f1cd", "geometry": {"type": "Point", "coordinates": [-69.389, -30.527]}, "properties": {"id": "2094fc6f1f01f1cd", "fecha": "27/02/2021", "hora": "07:02:51", "latitud": -30.527, "longitud": -69.389, "profundidad": 12.0, "magnitud": 2.7, "sentido": "No", "ubicacion_original": "SAN JUAN", "ubicacion_normalizada": "San Juan", "provincia": "San Juan", "provincias": ["San Juan"], "pais": "Argentina", "tipo_ubicacion": "provincia", "es_argentina": true, "es_limite": false}}, {"type": "Feature", "id": "bacb270af9607cf0", "geometry": {"type": "Point", "coordinates": [-66.794, -23.967]}, "properties": {"id": "bacb270af9607cf0", "fecha": "27/09/2019", "hora": "21:05:04", "latitud": -23.967, "longitud": -66.794, "profundidad": 220.0, "magnitud": 3.1, "sentido": "No", "ubicacion_original": "JUJUY", "ubicacion_normalizada": "Jujuy", "provincia": "Jujuy", "provincias": ["Jujuy"], "pais": "Argentina", "tipo_ubicacion": "provincia", "es_argentina": true, "es_limite": false}}, {"type": "Feature", "id": "70a3e85f4dfaf021", "geometry": {"type": "Point", "coordinates": [-69.637, -31.819]}, "properties": {"id": "70a3e85f4dfaf021", "fecha": "11/09/2011", "hora": "16:53:35", "latitud": -31.819, "longitud": -69.637, "profundidad": 110.0, "magnitud": 2.9, "sentido": "No", "ubicacion_original": "SAN JUAN", "ubicacion_normalizada": "San Juan", "provincia": "San Juan", "provincias": ["San Juan"], "pais": "Argentina", "tipo_ubicacion": "provincia", "es_argentina": true, "es_limite": false}}, {"type": "Feature", "id": "4a8e57d8f8452659", "geometry": {"type": "Point", "coordinates": [-69.828, -31.768]}, "properties": {"id": "4a8e57d8f8452659", "fecha": "25/10/2023", "hora": "05:54:19", "latitud": -31.768, "longitud": -69.828, "profundidad": 118.0, "magnitud": 2.6, "sentido": "No", "ubicacion_original": "SAN JUAN", "ubicacion_normalizada": "San Juan", "provincia": "San Juan", "provincias": ["San Juan"], "pais": "Argentina", "tipo_ubicacion": "provincia", "es_argentina": true, "es_limite": false}}, {"type": "Feature", "id": "bd8ac930eced1059", "geometry": {"type": "Point", "coordinates": [-69.675, -32.096]}, "properties": {"id": "bd8ac930eced1059", "fecha": "21/02/2015", "hora": "19:15:15", "latitud": -32.096, "longitud": -69.675, "profundidad": 117.0, "magnitud": 3.8, "sentido": "No", "ubicacion_original": "SAN JUAN", "ubicacion_normalizada": "San Juan", "provincia": "San Juan", "provincias": ["San Juan"], "pais": "Argentina", "tipo_ubicacion": "provincia", "es_argentina": true, "es_limite": false}}, {"type": "Feature", "id": "cafd7435c8754244", "geometry": {"type": "Point", "coordinates": [-67.103, -28.559]}, "properties": {"id": "cafd7435c8754244", "fecha": "19/11/2019", "hora": "17:59:14", "latitud": -28.559, "longitud": -67.103, "profundidad": 20.0, "magnitud": 2.5, "sentido": "No", "ubicacion_original": "LA RIOJA", "ubicacion_normalizada": "La Rioja", "provincia": "La Rioja", "provincias": ["La Rioja"], "pais": "Argentina", "tipo_ubicacion": "provincia", "es_argentina": true, "es_limite": false}}, {"type": "Feature", "id": "cc454b651dca43c4", "geometry": {"type": "Point", "coordinates": [-69.769, -31.671]}, "properties": {"id": "cc454b651dca43c4", "fecha": "31/05/2019", "hora": "12:14:39", "latitud": -31.671, "longitud": -69.769, "profundidad": 98.0, "magnitud": 2.6, "sentido": "No", "ubicacion_original": "SAN JUAN", "ubicacion_normalizada": "San Juan", "provincia": "San Juan", "provincias": ["San Juan"], "pais": "Argentina", "tipo_ubicacion": "provincia", "es_argentina": true, "es_limite": false}}, {"type": "Feature", "id": "d54f0d2d8e3c54b1", "geometry": {"type": "Point", "coordinates": [-68.788, -31.408]}, "properties": {"id": "d54f0d2d8e3c54b1", "fecha": "18/06/2017", "hora": "06:07:04", "latitud": -31.408, "longitud": -68.788, "profundidad": 17.0, "magnitud": 3.0, "sentido": "No", "ubicacion_original": "SAN JUAN", "ubicacion_normalizada": "San Juan", "provincia": "San Juan", "provincias": ["San Juan"], "pais": "Argentina", "tipo_ubicacion": "provincia", "es_argentina": true, "es_limite": false}}, {"type": "Feature", "id": "bd60922e8f967ec4", "geometry": {"type": "Point", "coordinates": [-67.925, -31.465]}, "properties": {"id": "bd60922e8f967ec4", "fecha": "30/09/2024", "hora": "01:25:51", "latitud": -31.465, "longitud": -67.925, "profundidad": 7.0, "magnitud": 3.4, "sentido": "Si", "ubicacion_original": "SAN JUAN", "ubicacion_normalizada": "San Juan", "provincia": "San Juan", "provincias": ["San Juan"], "pais": "Argentina", "tipo_ubicacion": "provincia", "es_argentina": true, "es_limite": false}}]}